rank,imdb_const,title,year,genres,title_type,imdb_rating,num_votes,runtime_minutes,directors,writers,actors,plot,svd_score_raw,svd_predicted_rating,svd_explanation
1,tt5491994,Planet Earth II,2016,Documentary,TV Mini Series,9.4,168255,,,,,,0.924322208641326,9.32,predicted high personal rating
2,tt6758316,Formula 1,1950,"Action, Comedy, Drama, Reality-TV, Sport, Thriller",TV Series,9.4,3771,,,,,,0.924322208641326,9.32,predicted high personal rating
3,tt6769208,Blue Planet II,2017,Documentary,TV Mini Series,9.3,52914,,,,,,0.9133069605587267,9.22,predicted high personal rating
4,tt7366338,Chernobyl,2019,"Drama, History, Thriller",TV Mini Series,9.3,968181,,,,,,0.9133069605587267,9.22,predicted high personal rating
5,tt0306414,The Wire,2002,"Crime, Drama, Thriller",TV Series,9.3,409790,,,,,,0.9133069605587267,9.22,predicted high personal rating
6,tt0141842,The Sopranos,1999,"Crime, Drama",TV Series,9.2,537908,,,,,,0.9022917124762966,9.12,predicted high personal rating
7,tt0071075,The World at War,1973,"Documentary, History, War",TV Series,9.2,33725,,,,,,0.9022917124762966,9.12,predicted high personal rating
8,tt1877514,The Vietnam War,2017,"Documentary, History, War",TV Mini Series,9.1,32348,,,,,,0.8912764643938781,9.02,predicted high personal rating
9,tt1508238,Apocalypse: The Second World War,2009,"Documentary, History, War",TV Mini Series,9.0,17218,,,,,,0.8802612163113833,8.92,predicted high personal rating
10,tt0996994,The War,2007,"Documentary, History, War",TV Mini Series,9.0,5952,,,,,,0.8802612163113833,8.92,predicted high personal rating
11,tt3032476,Better Call Saul,2015,"Crime, Drama",TV Series,9.0,753483,,,,,,0.8802612163113833,8.92,predicted high personal rating
12,tt0098769,The Civil War,1990,"Documentary, History, War",TV Mini Series,9.0,22132,,,,,,0.8802612163113833,8.92,predicted high personal rating
13,tt2802850,Fargo,2014,"Crime, Drama, Thriller",TV Series,8.8,449578,,,,,,0.8582307201464268,8.72,predicted high personal rating
14,tt0060196,"The Good, the Bad and the Ugly",1966,"Adventure, Drama, Western",Movie,8.8,864900,,,,,,0.8582307201464268,8.72,predicted high personal rating
15,tt0264235,Curb Your Enthusiasm,2000,Comedy,TV Series,8.8,159274,,,,,,0.8582307201464268,8.72,predicted high personal rating
16,tt0472954,It's Always Sunny in Philadelphia,2005,Comedy,TV Series,8.8,270408,,,,,,0.8582307201464268,8.72,predicted high personal rating
17,tt1233514,When We Left Earth: The NASA Missions,2008,"Documentary, History",TV Mini Series,8.8,2081,,,,,,0.8582307201464268,8.72,predicted high personal rating
18,tt11280740,Severance,2022,"Drama, Mystery, Sci-Fi, Thriller",TV Series,8.7,337627,,,,,,0.847215472063944,8.62,predicted high personal rating
19,tt2085059,Black Mirror,2011,"Crime, Drama, Mystery, Sci-Fi, Thriller",TV Series,8.7,706267,,,,,,0.847215472063944,8.62,predicted high personal rating
20,tt6778690,Lil Dicky: Pillow Talking,2017,"Comedy, Music",Music Video,8.7,595,,,,,,0.847215472063944,8.62,predicted high personal rating
21,tt0384766,Rome,2005,"Action, Drama, Romance, War",TV Series,8.7,197253,,,,,,0.847215472063944,8.62,predicted high personal rating
22,tt0098936,Twin Peaks,1990,"Crime, Drama, Mystery, Thriller",TV Series,8.7,235376,,,,,,0.847215472063944,8.62,predicted high personal rating
23,tt2707408,Narcos,2015,"Biography, Crime, Drama, Thriller",TV Series,8.7,508150,,,,,,0.847215472063944,8.62,predicted high personal rating
24,tt5555260,This Is Us,2016,"Comedy, Drama, Romance",TV Series,8.7,169742,,,,,,0.847215472063944,8.62,predicted high personal rating
25,tt13991232,1883,2021,"Drama, Western",TV Mini Series,8.7,148431,,,,,,0.847215472063944,8.62,predicted high personal rating
26,tt0073486,One Flew Over the Cuckoo's Nest,1975,Drama,Movie,8.7,1127894,,,,,,0.847215472063944,8.62,predicted high personal rating
27,tt1203167,Moon Machines,2008,Documentary,TV Series,8.7,429,,,,,,0.847215472063944,8.62,predicted high personal rating
28,tt0758745,Friday Night Lights,2006,"Drama, Sport",TV Series,8.7,76788,,,,,,0.847215472063944,8.62,predicted high personal rating
29,tt0407362,Battlestar Galactica,2004,"Action, Adventure, Drama, Sci-Fi",TV Series,8.7,183336,,,,,,0.847215472063944,8.62,predicted high personal rating
30,tt2069688,World War II in Colour,2009,"Documentary, History, War",TV Mini Series,8.7,7814,,,,,,0.847215472063944,8.62,predicted high personal rating
31,tt1489428,Justified,2010,"Action, Crime, Drama, Mystery, Thriller, Western",TV Series,8.6,126713,,,,,,0.8362002239814199,8.53,predicted high personal rating
32,tt19860606,1883: The Road West,2022,"Documentary, History, Western",TV Special,8.6,8962,,,,,,0.8362002239814199,8.53,predicted high personal rating
33,tt0979432,Boardwalk Empire,2010,"Crime, Drama",TV Series,8.6,213003,,,,,,0.8362002239814199,8.53,predicted high personal rating
34,tt0047478,Seven Samurai,1954,"Action, Drama",Movie,8.6,389334,,,,,,0.8362002239814199,8.53,predicted high personal rating
35,tt0317248,City of God,2002,"Crime, Drama",Movie,8.6,846186,,,,,,0.8362002239814199,8.53,predicted high personal rating
36,tt0103064,Terminator 2: Judgment Day,1991,"Action, Adventure, Sci-Fi",Movie,8.6,1246072,,,,,,0.8362002239814199,8.53,predicted high personal rating
37,tt0118799,Life Is Beautiful,1997,"Comedy, Drama, Romance, War",Movie,8.6,787029,,,,,,0.8362002239814199,8.53,predicted high personal rating
38,tt15435876,The Penguin,2024,"Crime, Drama",TV Mini Series,8.6,207378,,,,,,0.8362002239814199,8.53,predicted high personal rating
39,tt1190634,The Boys,2019,"Action, Comedy, Crime, Drama, Sci-Fi",TV Series,8.6,795446,,,,,,0.8362002239814199,8.53,predicted high personal rating
40,tt9103932,Greatest Events of WWII in Colour,2019,"Documentary, History, War",TV Mini Series,8.6,12900,,,,,,0.8362002239814199,8.53,predicted high personal rating
41,tt3322312,Daredevil,2015,"Action, Crime, Drama, Sci-Fi, Thriller",TV Series,8.6,512153,,,,,,0.8362002239814199,8.53,predicted high personal rating
42,tt4299972,The Jinx: The Life and Deaths of Robert Durst,2015,"Documentary, Biography, Crime, Mystery",TV Series,8.6,56897,,,,,,0.8362002239814199,8.53,predicted high personal rating
43,tt0367279,Arrested Development,2003,Comedy,TV Series,8.6,336953,,,,,,0.8362002239814199,8.53,predicted high personal rating
44,tt0120689,The Green Mile,1999,"Crime, Drama, Fantasy, Mystery",Movie,8.6,1504605,,,,,,0.8362002239814199,8.53,predicted high personal rating
45,tt1124373,Sons of Anarchy,2008,"Crime, Drama, Thriller",TV Series,8.5,343886,,,,,,0.8251849758990143,8.43,predicted high personal rating
46,tt1675434,The Intouchables,2011,"Comedy, Drama",Movie,8.5,990045,,,,,,0.8251849758990143,8.43,predicted high personal rating
47,tt0458290,Star Wars: The Clone Wars,2008,"Animation, Action, Adventure, Drama, Fantasy, Sci-Fi",TV Series,8.5,136041,,,,,,0.8251849758990143,8.43,predicted high personal rating
48,tt0436992,Doctor Who,2005,"Adventure, Drama, Sci-Fi",TV Series,8.5,259399,,,,,,0.8251849758990143,8.43,predicted high personal rating
49,tt4093826,Twin Peaks,2017,"Crime, Drama, Horror, Mystery",TV Series,8.5,84710,,,,,,0.8251849758990143,8.43,predicted high personal rating
50,tt0253474,The Pianist,2002,"Biography, Drama, Music, War",Movie,8.5,979488,,,,,,0.8251849758990143,8.43,predicted high personal rating
51,tt0120586,American History X,1998,"Crime, Drama",Movie,8.5,1241560,,,,,,0.8251849758990143,8.43,predicted high personal rating
52,tt1758429,Spartacus: Gods of the Arena,2011,"Action, Adventure, Biography, Drama, History, Romance",TV Mini Series,8.5,151099,,,,,,0.8251849758990143,8.43,predicted high personal rating
53,tt9362722,Spider-Man: Across the Spider-Verse,2023,"Animation, Action, Adventure, Family, Fantasy, Sci-Fi",Movie,8.5,474003,,,,,,0.8251849758990143,8.43,predicted high personal rating
54,tt0054215,Psycho,1960,"Drama, Horror, Mystery, Thriller",Movie,8.5,760591,,,,,,0.8251849758990143,8.43,predicted high personal rating
55,tt4179452,The Last Kingdom,2015,"Action, Drama, History",TV Series,8.5,180613,,,,,,0.8251849758990143,8.43,predicted high personal rating
56,tt0078748,Alien,1979,"Horror, Sci-Fi",Movie,8.5,1028062,,,,,,0.8251849758990143,8.43,predicted high personal rating
57,tt0034583,Casablanca,1942,"Drama, Romance, War",Movie,8.5,638003,,,,,,0.8251849758990143,8.43,predicted high personal rating
58,tt1586680,Shameless,2011,"Comedy, Drama",TV Series,8.5,316513,,,,,,0.8251849758990143,8.43,predicted high personal rating
59,tt2167393,The Men Who Built America,2012,"Documentary, Biography, History",TV Mini Series,8.5,4933,,,,,,0.8251849758990143,8.43,predicted high personal rating
60,tt14452776,The Bear,2022,"Comedy, Drama",TV Series,8.5,286323,,,,,,0.8251849758990143,8.43,predicted high personal rating
61,tt1442449,Spartacus,2010,"Action, Adventure, Biography, Drama, Romance",TV Series,8.5,268600,,,,,,0.8251849758990143,8.43,predicted high personal rating
62,tt6751668,Parasite,2019,"Drama, Thriller",Movie,8.5,1089857,,,,,,0.8251849758990143,8.43,predicted high personal rating
63,tt3230854,The Expanse,2015,"Drama, Mystery, Sci-Fi",TV Series,8.5,185358,,,,,,0.8251849758990143,8.43,predicted high personal rating
64,tt0314979,Battlestar Galactica,2003,"Action, Adventure, Drama, Sci-Fi",TV Mini Series,8.5,83535,,,,,,0.8251849758990143,8.43,predicted high personal rating
65,tt1503163,Sons of Anarchy Season 1: The Bikes,2009,Short,Video,8.4,12836,,,,,,0.8141697278165569,8.33,predicted high personal rating
66,tt0285331,24,2001,"Action, Crime, Drama, Thriller",TV Series,8.4,203676,,,,,,0.8141697278165569,8.33,predicted high personal rating
67,tt5071412,Ozark,2017,"Crime, Drama, Thriller",TV Series,8.4,375236,,,,,,0.8141697278165569,8.33,predicted high personal rating
68,tt0255558,The Rumble in the Jungle,1974,"Documentary, Sport",Movie,8.4,701,,,,,,0.8141697278165569,8.33,predicted high personal rating
69,tt2467372,Brooklyn Nine-Nine,2013,"Comedy, Crime",TV Series,8.4,399889,,,,,,0.8141697278165569,8.33,predicted high personal rating
70,tt8690814,Grant,2020,"Documentary, Biography, History",TV Mini Series,8.4,2525,,,,,,0.8141697278165569,8.33,predicted high personal rating
71,tt0090605,Aliens,1986,"Action, Adventure, Horror, Sci-Fi, Thriller",Movie,8.4,816432,,,,,,0.8141697278165569,8.33,predicted high personal rating
72,tt13180026,A West Wing Special to Benefit When We All Vote,2020,Drama,TV Special,8.4,1669,,,,,,0.8141697278165569,8.33,predicted high personal rating
73,tt3920596,Big Little Lies,2017,"Crime, Drama, Mystery",TV Series,8.4,238419,,,,,,0.8141697278165569,8.33,predicted high personal rating
74,tt0461887,Space Race,2005,"Documentary, Drama",TV Series,8.4,966,,,,,,0.8141697278165569,8.33,predicted high personal rating
75,tt0995832,Generation Kill,2008,"Drama, War",TV Mini Series,8.4,62607,,,,,,0.8141697278165569,8.33,predicted high personal rating
76,tt0082096,Das Boot,1981,"Drama, War",Movie,8.4,281431,,,,,,0.8141697278165569,8.33,predicted high personal rating
77,tt2380307,Coco,2017,"Animation, Adventure, Drama, Family, Fantasy, Music, Mystery",Movie,8.4,663891,,,,,,0.8141697278165569,8.33,predicted high personal rating
78,tt4633694,Spider-Man: Into the Spider-Verse,2018,"Animation, Action, Adventure, Comedy, Family, Fantasy, Sci-Fi",Movie,8.4,746353,,,,,,0.8141697278165569,8.33,predicted high personal rating
79,tt1632701,Suits,2011,"Comedy, Drama",TV Series,8.4,520567,,,,,,0.8141697278165569,8.33,predicted high personal rating
80,tt0105236,Reservoir Dogs,1992,"Crime, Thriller",Movie,8.3,1142811,,,,,,0.8031544797340544,8.23,predicted high personal rating
81,tt7681902,Won't You Be My Neighbor?,2018,"Documentary, Biography, History",Movie,8.3,27767,,,,,,0.8031544797340544,8.23,predicted high personal rating
82,tt0485842,Studio 60 on the Sunset Strip,2006,"Comedy, Drama",TV Series,8.3,25699,,,,,,0.8031544797340544,8.23,predicted high personal rating
83,tt8714904,Narcos: Mexico,2018,"Biography, Crime, Drama, Thriller",TV Series,8.3,98790,,,,,,0.8031544797340544,8.23,predicted high personal rating
84,tt0062622,2001: A Space Odyssey,1968,"Adventure, Sci-Fi",Movie,8.3,761097,,,,,,0.8031544797340544,8.23,predicted high personal rating
85,tt4218258,Ray Donovan: Behind the Fix,2014,"Crime, Drama",TV Mini Series,8.3,3752,,,,,,0.8031544797340544,8.23,predicted high personal rating
86,tt2106476,The Hunt,2012,Drama,Movie,8.3,393512,,,,,,0.8031544797340544,8.23,predicted high personal rating
87,tt12637874,Fallout,2024,"Action, Adventure, Drama, Sci-Fi",TV Series,8.3,327796,,,,,,0.8031544797340544,8.23,predicted high personal rating
88,tt4565380,Fauda,2015,"Action, Crime, Drama, Thriller",TV Series,8.3,41236,,,,,,0.8031544797340544,8.23,predicted high personal rating
89,tt1344204,Blue Mountain State,2010,"Comedy, Sport",TV Series,8.3,62097,,,,,,0.8031544797340544,8.23,predicted high personal rating
90,tt0113277,Heat,1995,"Action, Crime, Drama",Movie,8.3,769645,,,,,,0.8031544797340544,8.23,predicted high personal rating
91,tt2249007,Ray Donovan,2013,"Crime, Drama",TV Series,8.3,97610,,,,,,0.8031544797340544,8.23,predicted high personal rating
92,tt18335752,1923,2022,"Drama, Western",TV Series,8.3,89037,,,,,,0.8031544797340544,8.23,predicted high personal rating
93,tt5834204,The Handmaid's Tale,2017,"Drama, Sci-Fi, Thriller",TV Series,8.3,287600,,,,,,0.8031544797340544,8.23,predicted high personal rating
94,tt12327578,Star Trek: Strange New Worlds,2022,"Action, Adventure, Sci-Fi",TV Series,8.3,68122,,,,,,0.8031544797340544,8.23,predicted high personal rating
95,tt0323313,Muhammad Ali: The Whole Story,1996,"Documentary, Biography, Sport",TV Movie,8.3,1092,,,,,,0.8031544797340544,8.23,predicted high personal rating
96,tt0338013,Eternal Sunshine of the Spotless Mind,2004,"Drama, Romance, Sci-Fi",Movie,8.3,1148764,,,,,,0.8031544797340544,8.23,predicted high personal rating
97,tt7286456,Joker,2019,"Crime, Drama, Thriller",Movie,8.3,1632055,,,,,,0.8031544797340544,8.23,predicted high personal rating
98,tt0374463,The Pacific,2010,"Action, Adventure, Drama, History, War",TV Mini Series,8.3,139633,,,,,,0.8031544797340544,8.23,predicted high personal rating
99,tt13008036,Earth at Night in Color,2020,Documentary,TV Series,8.2,1828,,,,,,0.7921392316516026,8.13,predicted high personal rating
100,tt11815682,Hacks,2021,"Comedy, Drama",TV Series,8.2,56611,,,,,,0.7921392316516026,8.13,predicted high personal rating
101,tt0112641,Casino,1995,"Crime, Drama",Movie,8.2,599476,,,,,,0.7921392316516026,8.13,predicted high personal rating
102,tt0119488,L.A. Confidential,1997,"Crime, Drama, Mystery, Thriller",Movie,8.2,646172,,,,,,0.7921392316516026,8.13,predicted high personal rating
103,tt6966692,Green Book,2018,"Biography, Comedy, Drama, Music",Movie,8.2,648796,,,,,,0.7921392316516026,8.13,predicted high personal rating
104,tt13911628,Lessons in Chemistry,2023,Drama,TV Mini Series,8.2,50792,,,,,,0.7921392316516026,8.13,predicted high personal rating
105,tt8579674,1917,2019,"Action, Drama, War",Movie,8.2,739602,,,,,,0.7921392316516026,8.13,predicted high personal rating
106,tt0457430,Pan's Labyrinth,2006,"Drama, Fantasy, War",Movie,8.2,730079,,,,,,0.7921392316516026,8.13,predicted high personal rating
107,tt4729430,Klaus,2019,"Animation, Adventure, Comedy, Family, Fantasy",Movie,8.2,218416,,,,,,0.7921392316516026,8.13,predicted high personal rating
108,tt1645089,Inside Job,2010,"Documentary, Crime",Movie,8.2,81741,,,,,,0.7921392316516026,8.13,predicted high personal rating
109,tt6468322,Money Heist,2017,"Action, Crime, Drama, Mystery, Thriller",TV Series,8.2,580203,,,,,,0.7921392316516026,8.13,predicted high personal rating
110,tt7049682,Watchmen,2019,"Crime, Drama, Mystery, Sci-Fi",TV Mini Series,8.2,142151,,,,,,0.7921392316516026,8.13,predicted high personal rating
111,tt8772296,Euphoria,2019,Drama,TV Series,8.2,277527,,,,,,0.7921392316516026,8.13,predicted high personal rating
112,tt0075314,Taxi Driver,1976,"Crime, Drama",Movie,8.2,991357,,,,,,0.7921392316516026,8.13,predicted high personal rating
113,tt0363163,Downfall,2004,"Biography, Drama, History, War",Movie,8.2,391912,,,,,,0.7921392316516026,8.13,predicted high personal rating
114,tt13024830,Senna,2024,"Biography, Drama, Sport",TV Mini Series,8.2,18969,,,,,,0.7921392316516026,8.13,predicted high personal rating
115,tt10872600,Spider-Man: No Way Home,2021,"Action, Adventure, Fantasy, Sci-Fi",Movie,8.2,970565,,,,,,0.7921392316516026,8.13,predicted high personal rating
116,tt29623480,The Wild Robot,2024,"Animation, Adventure, Family, Sci-Fi",Movie,8.2,192182,,,,,,0.7921392316516026,8.13,predicted high personal rating
117,tt10405370,Rogue Heroes,2022,"Action, Drama, Thriller, War",TV Series,8.2,33686,,,,,,0.7921392316516026,8.13,predicted high personal rating
118,tt14186672,Landman,2024,Drama,TV Series,8.2,64157,,,,,,0.7921392316516026,8.13,predicted high personal rating
119,tt0091763,Platoon,1986,"Drama, War",Movie,8.1,460457,,,,,,0.7811239835690896,8.03,predicted high personal rating
120,tt1610527,Workaholics,2011,Comedy,TV Series,8.1,58118,,,,,,0.7811239835690896,8.03,predicted high personal rating
121,tt7203552,The Morning Show,2019,Drama,TV Series,8.1,141025,,,,,,0.7811239835690896,8.03,predicted high personal rating
122,tt0020629,All Quiet on the Western Front,1930,"Drama, War",Movie,8.1,70585,,,,,,0.7811239835690896,8.03,predicted high personal rating
123,tt0081398,Raging Bull,1980,"Biography, Drama, Sport",Movie,8.1,399268,,,,,,0.7811239835690896,8.03,predicted high personal rating
124,tt0077416,The Deer Hunter,1978,"Drama, War",Movie,8.1,378720,,,,,,0.7811239835690896,8.03,predicted high personal rating
125,tt7775622,Free Solo,2018,"Documentary, Adventure, Sport",Movie,8.1,82714,,,,,,0.7811239835690896,8.03,predicted high personal rating
126,tt4687880,Goliath,2016,Drama,TV Series,8.1,60824,,,,,,0.7811239835690896,8.03,predicted high personal rating
127,tt24053860,The Day of the Jackal,2024,"Action, Crime, Drama, Thriller",TV Series,8.1,110285,,,,,,0.7811239835690896,8.03,predicted high personal rating
128,tt4406178,The Gilded Age,2022,Drama,TV Series,8.1,47290,,,,,,0.7811239835690896,8.03,predicted high personal rating
129,tt12498618,Dave Chappelle: 8:46,2020,"Short, Comedy",TV Special,8.1,3963,,,,,,0.7811239835690896,8.03,predicted high personal rating
130,tt2235759,The Great,2020,"Biography, Comedy, Drama, History",TV Series,8.1,60404,,,,,,0.7811239835690896,8.03,predicted high personal rating
131,tt8760684,Apollo 11,2019,"Documentary, History",Movie,8.1,28152,,,,,,0.7811239835690896,8.03,predicted high personal rating
132,tt14688458,Silo,2023,"Drama, Mystery, Sci-Fi",TV Series,8.1,192767,,,,,,0.7811239835690896,8.03,predicted high personal rating
133,tt0083658,Blade Runner,1982,"Action, Drama, Sci-Fi, Thriller",Movie,8.1,861038,,,,,,0.7811239835690896,8.03,predicted high personal rating
134,tt0758790,The Tudors,2007,"Drama, History, Romance, War",TV Series,8.1,85202,,,,,,0.7811239835690896,8.03,predicted high personal rating
135,tt1291584,Warrior,2011,"Action, Drama, Sport",Movie,8.1,518618,,,,,,0.7811239835690896,8.03,predicted high personal rating
136,tt0116282,Fargo,1996,"Crime, Drama, Thriller",Movie,8.1,763143,,,,,,0.7811239835690896,8.03,predicted high personal rating
137,tt9244578,Rise of Empires: Ottoman,2020,"Documentary, Drama, History, War",TV Series,8.0,45774,,,,,,0.7701087354866527,7.93,latent-factor fit from your ratings and IMDb priors
138,tt17050700,Full Swing,2023,"Documentary, Sport",TV Series,8.0,4726,,,,,,0.7701087354866527,7.93,latent-factor fit from your ratings and IMDb priors
139,tt0925248,In the Shadow of the Moon,2007,"Documentary, History",Movie,8.0,7056,,,,,,0.7701087354866527,7.93,latent-factor fit from your ratings and IMDb priors
140,tt0317910,The Fog of War,2003,"Documentary, Biography, History, War",Movie,8.0,25821,,,,,,0.7701087354866527,7.93,latent-factor fit from your ratings and IMDb priors
141,tt17491088,The Diplomat,2023,"Drama, Thriller",TV Series,8.0,82586,,,,,,0.7701087354866527,7.93,latent-factor fit from your ratings and IMDb priors
142,tt0378194,Kill Bill: Vol. 2,2004,"Action, Crime, Thriller",Movie,8.0,844686,,,,,,0.7701087354866527,7.93,latent-factor fit from your ratings and IMDb priors
143,tt13406094,The White Lotus,2021,"Comedy, Drama",TV Series,8.0,292519,,,,,,0.7701087354866527,7.93,latent-factor fit from your ratings and IMDb priors
144,tt8906412,The Loudest Voice: 1995,2019,"Biography, Drama",TV Episode,8.0,761,,,,,,0.7701087354866527,7.93,latent-factor fit from your ratings and IMDb priors
145,tt1856101,Blade Runner 2049,2017,"Action, Drama, Mystery, Sci-Fi, Thriller",Movie,8.0,724175,,,,,,0.7701087354866527,7.93,latent-factor fit from your ratings and IMDb priors
146,tt0102138,JFK,1991,"Drama, History, Thriller",Movie,8.0,177726,,,,,,0.7701087354866527,7.93,latent-factor fit from your ratings and IMDb priors
147,tt27713897,Arnold,2023,"Documentary, Biography",TV Mini Series,8.0,23440,,,,,,0.7701087354866527,7.93,latent-factor fit from your ratings and IMDb priors
148,tt0947798,Black Swan,2010,"Drama, Thriller",Movie,8.0,866691,,,,,,0.7701087354866527,7.93,latent-factor fit from your ratings and IMDb priors
149,tt1663202,The Revenant,2015,"Adventure, Drama, Western",Movie,8.0,919493,,,,,,0.7701087354866527,7.93,latent-factor fit from your ratings and IMDb priors
150,tt3766376,Vice Principals,2016,Comedy,TV Series,8.0,36317,,,,,,0.7701087354866527,7.93,latent-factor fit from your ratings and IMDb priors
151,tt0095953,Rain Man,1988,Drama,Movie,8.0,569926,,,,,,0.7701087354866527,7.93,latent-factor fit from your ratings and IMDb priors
152,tt7587890,The Rookie,2018,"Action, Crime, Drama",TV Series,8.0,107300,,,,,,0.7701087354866527,7.93,latent-factor fit from your ratings and IMDb priors
153,tt13210838,The Gentlemen,2024,"Action, Comedy, Crime",TV Series,8.0,166811,,,,,,0.7701087354866527,7.93,latent-factor fit from your ratings and IMDb priors
154,tt2948372,Soul,2020,"Animation, Adventure, Comedy, Drama, Family, Fantasy, Music",Movie,8.0,414095,,,,,,0.7701087354866527,7.93,latent-factor fit from your ratings and IMDb priors
155,tt0439100,Weeds,2005,"Comedy, Crime, Drama",TV Series,7.9,120345,,,,,,0.7590934874042259,7.83,latent-factor fit from your ratings and IMDb priors
156,tt11743610,The Terminal List,2022,"Action, Drama, Thriller",TV Series,7.9,116748,,,,,,0.7590934874042259,7.83,latent-factor fit from your ratings and IMDb priors
157,tt16358384,Tulsa King,2022,"Action, Crime, Drama",TV Series,7.9,101385,,,,,,0.7590934874042259,7.83,latent-factor fit from your ratings and IMDb priors
158,tt5952634,The Spy,2019,"Biography, Drama, History, Thriller",TV Mini Series,7.9,54347,,,,,,0.7590934874042259,7.83,latent-factor fit from your ratings and IMDb priors
159,tt0118147,When We Were Kings,1996,"Documentary, Sport",Movie,7.9,20028,,,,,,0.7590934874042259,7.83,latent-factor fit from your ratings and IMDb priors
160,tt6791350,Guardians of the Galaxy Vol. 3,2023,"Action, Adventure, Comedy, Sci-Fi",Movie,7.9,442416,,,,,,0.7590934874042259,7.83,latent-factor fit from your ratings and IMDb priors
161,tt12361974,Zack Snyder's Justice League,2021,"Action, Adventure, Fantasy, Sci-Fi",Movie,7.9,461949,,,,,,0.7590934874042259,7.83,latent-factor fit from your ratings and IMDb priors
162,tt5069564,John Mulaney: The Comeback Kid,2015,Comedy,TV Special,7.9,9969,,,,,,0.7590934874042259,7.83,latent-factor fit from your ratings and IMDb priors
163,tt2741602,The Blacklist,2013,"Crime, Drama, Mystery, Thriller",TV Series,7.9,292953,,,,,,0.7590934874042259,7.83,latent-factor fit from your ratings and IMDb priors
164,tt16311594,F1: The Movie,2025,"Action, Drama, Sport",Movie,7.9,145215,,,,,,0.7590934874042259,7.83,latent-factor fit from your ratings and IMDb priors
165,tt10098580,Washington,2020,"Documentary, Biography, Drama, History",TV Mini Series,7.9,1277,,,,,,0.7590934874042259,7.83,latent-factor fit from your ratings and IMDb priors
166,tt1582457,The Borgias,2011,"Crime, Drama, History, Romance",TV Series,7.9,55582,,,,,,0.7590934874042259,7.83,latent-factor fit from your ratings and IMDb priors
167,tt1740299,The Man in the High Castle,2015,"Drama, Sci-Fi, Thriller",TV Series,7.9,118474,,,,,,0.7590934874042259,7.83,latent-factor fit from your ratings and IMDb priors
168,tt9244556,Mrs. America,2020,"Biography, Drama, History",TV Mini Series,7.9,14290,,,,,,0.7590934874042259,7.83,latent-factor fit from your ratings and IMDb priors
169,tt2189461,Marco Polo,2014,"Action, Adventure, Drama, History",TV Series,7.9,82534,,,,,,0.7590934874042259,7.83,latent-factor fit from your ratings and IMDb priors
170,tt6821044,The Loudest Voice,2019,"Biography, Drama",TV Mini Series,7.9,15082,,,,,,0.7590934874042259,7.83,latent-factor fit from your ratings and IMDb priors
171,tt8946378,Knives Out,2019,"Comedy, Crime, Drama, Mystery, Thriller",Movie,7.9,827403,,,,,,0.7590934874042259,7.83,latent-factor fit from your ratings and IMDb priors
172,tt14849194,The Holdovers,2023,"Comedy, Drama",Movie,7.9,204973,,,,,,0.7590934874042259,7.83,latent-factor fit from your ratings and IMDb priors
173,tt0106489,A Bronx Tale,1993,"Crime, Drama",Movie,7.8,175768,,,,,,0.7480782393217235,7.73,latent-factor fit from your ratings and IMDb priors
174,tt1330059,Thrilla in Manila,2008,"Documentary, Sport",TV Movie,7.8,940,,,,,,0.7480782393217235,7.73,latent-factor fit from your ratings and IMDb priors
175,tt0780504,Drive,2011,"Action, Drama",Movie,7.8,743080,,,,,,0.7480782393217235,7.73,latent-factor fit from your ratings and IMDb priors
176,tt1302006,The Irishman,2019,"Biography, Crime, Drama, History, Thriller",Movie,7.8,458026,,,,,,0.7480782393217235,7.73,latent-factor fit from your ratings and IMDb priors
177,tt1877830,The Batman,2022,"Action, Crime, Drama, Mystery, Thriller",Movie,7.8,888527,,,,,,0.7480782393217235,7.73,latent-factor fit from your ratings and IMDb priors
178,tt0106977,The Fugitive,1993,"Action, Crime, Drama, Mystery, Thriller",Movie,7.8,336804,,,,,,0.7480782393217235,7.73,latent-factor fit from your ratings and IMDb priors
179,tt10837476,Inside Bill's Brain: Decoding Bill Gates,2019,"Documentary, Biography",TV Mini Series,7.8,11984,,,,,,0.7480782393217235,7.73,latent-factor fit from your ratings and IMDb priors
180,tt5057130,Medici,2016,"Biography, Drama, History, Mystery, Romance, Thriller",TV Series,7.8,23624,,,,,,0.7480782393217235,7.73,latent-factor fit from your ratings and IMDb priors
181,tt3056202,Hunt vs Lauda: F1's Greatest Racing Rivals,2013,Documentary,TV Movie,7.8,1054,,,,,,0.7480782393217235,7.73,latent-factor fit from your ratings and IMDb priors
182,tt12708542,Star Wars: The Bad Batch,2021,"Animation, Action, Adventure, Drama, Fantasy, Sci-Fi",TV Series,7.8,63235,,,,,,0.7480782393217235,7.73,latent-factor fit from your ratings and IMDb priors
183,tt12930534,Challenger: The Final Flight,2020,"Documentary, History",TV Mini Series,7.8,8380,,,,,,0.7480782393217235,7.73,latent-factor fit from your ratings and IMDb priors
184,tt9769254,8 Days: To the Moon and Back,2019,"Documentary, Drama",TV Movie,7.8,717,,,,,,0.7480782393217235,7.73,latent-factor fit from your ratings and IMDb priors
185,tt1016150,All Quiet on the Western Front,2022,"Drama, History, War",Movie,7.8,280513,,,,,,0.7480782393217235,7.73,latent-factor fit from your ratings and IMDb priors
186,tt3475734,Agent Carter,2015,"Action, Adventure, Crime, Drama, Mystery, Sci-Fi",TV Series,7.8,92778,,,,,,0.7480782393217235,7.73,latent-factor fit from your ratings and IMDb priors
187,tt13111078,Lioness,2023,"Action, Drama, Thriller",TV Series,7.8,77363,,,,,,0.7480782393217235,7.73,latent-factor fit from your ratings and IMDb priors
188,tt0421715,The Curious Case of Benjamin Button,2008,"Drama, Fantasy, Romance",Movie,7.8,728108,,,,,,0.7480782393217235,7.73,latent-factor fit from your ratings and IMDb priors
189,tt5052448,Get Out,2017,"Horror, Mystery, Thriller",Movie,7.8,772704,,,,,,0.7480782393217235,7.73,latent-factor fit from your ratings and IMDb priors
190,tt0097441,Glory,1989,"Biography, Drama, History, War",Movie,7.8,150249,,,,,,0.7480782393217235,7.73,latent-factor fit from your ratings and IMDb priors
191,tt0162222,Cast Away,2000,"Adventure, Drama, Romance",Movie,7.8,672139,,,,,,0.7480782393217235,7.73,latent-factor fit from your ratings and IMDb priors
192,tt14230458,Poor Things,2023,"Comedy, Drama, Romance, Sci-Fi",Movie,7.8,350307,,,,,,0.7480782393217235,7.73,latent-factor fit from your ratings and IMDb priors
193,tt5761478,Harlots,2017,Drama,TV Series,7.7,11679,,,,,,0.7370629912391741,7.63,latent-factor fit from your ratings and IMDb priors
194,tt0115279,Muppets Tonight,1996,"Comedy, Family, Music",TV Series,7.7,2233,,,,,,0.7370629912391741,7.63,latent-factor fit from your ratings and IMDb priors
195,tt7311634,Foreman,2017,"Documentary, Biography, Sport",Movie,7.7,571,,,,,,0.7370629912391741,7.63,latent-factor fit from your ratings and IMDb priors
196,tt0375679,Crash,2004,"Crime, Drama, Thriller",Movie,7.7,457209,,,,,,0.7370629912391741,7.63,latent-factor fit from your ratings and IMDb priors
197,tt9119120,The Loudest Voice: 2009,2019,"Biography, Drama",TV Episode,7.7,542,,,,,,0.7370629912391741,7.63,latent-factor fit from your ratings and IMDb priors
198,tt8135494,Active Measures,2018,Documentary,Movie,7.7,7959,,,,,,0.7370629912391741,7.63,latent-factor fit from your ratings and IMDb priors
199,tt8010592,Inside Look: The Assassination of Gianni Versace - American Crime Story,2017,"Documentary, Short",TV Series,7.7,10732,,,,,,0.7370629912391741,7.63,latent-factor fit from your ratings and IMDb priors
200,tt0328107,Man on Fire,2004,"Action, Crime, Drama, Thriller",Movie,7.7,406436,,,,,,0.7370629912391741,7.63,latent-factor fit from your ratings and IMDb priors
201,tt0067116,The French Connection,1971,"Action, Crime, Drama, Thriller",Movie,7.7,146388,,,,,,0.7370629912391741,7.63,latent-factor fit from your ratings and IMDb priors
202,tt2891574,Ballers,2015,"Comedy, Drama, Sport",TV Series,7.7,78534,,,,,,0.7370629912391741,7.63,latent-factor fit from your ratings and IMDb priors
203,tt0109445,Clerks,1994,Comedy,Movie,7.7,237763,,,,,,0.7370629912391741,7.63,latent-factor fit from your ratings and IMDb priors
204,tt2562232,Birdman or (The Unexpected Virtue of Ignorance),2014,"Comedy, Drama",Movie,7.7,686381,,,,,,0.7370629912391741,7.63,latent-factor fit from your ratings and IMDb priors
205,tt1503769,Collapse,2009,Documentary,Movie,7.7,6902,,,,,,0.7370629912391741,7.63,latent-factor fit from your ratings and IMDb priors
206,tt30459041,Your Friends & Neighbors,2025,Drama,TV Series,7.7,32968,,,,,,0.7370629912391741,7.63,latent-factor fit from your ratings and IMDb priors
207,tt0119177,Gattaca,1997,"Drama, Sci-Fi, Thriller",Movie,7.7,338741,,,,,,0.7370629912391741,7.63,latent-factor fit from your ratings and IMDb priors
208,tt7664504,Three Identical Strangers,2018,"Documentary, Biography, Drama, History, Mystery",Movie,7.6,43590,,,,,,0.7260477431567293,7.53,latent-factor fit from your ratings and IMDb priors
209,tt8404614,The Two Popes,2019,"Biography, Comedy, Drama",Movie,7.6,143459,,,,,,0.7260477431567293,7.53,latent-factor fit from your ratings and IMDb priors
210,tt0454848,Inside Man,2006,"Crime, Drama, Mystery, Thriller",Movie,7.6,416235,,,,,,0.7260477431567293,7.53,latent-factor fit from your ratings and IMDb priors
211,tt0099674,The Godfather Part III,1990,"Crime, Drama",Movie,7.6,442925,,,,,,0.7260477431567293,7.53,latent-factor fit from your ratings and IMDb priors
212,tt8864596,Transformers One,2024,"Animation, Action, Adventure, Family, Fantasy, Sci-Fi",Movie,7.6,57074,,,,,,0.7260477431567293,7.53,latent-factor fit from your ratings and IMDb priors
213,tt2582782,Hell or High Water,2016,"Crime, Drama, Thriller, Western",Movie,7.6,268362,,,,,,0.7260477431567293,7.53,latent-factor fit from your ratings and IMDb priors
214,tt0106856,Falling Down,1993,"Crime, Drama, Thriller",Movie,7.6,218957,,,,,,0.7260477431567293,7.53,latent-factor fit from your ratings and IMDb priors
215,tt0381849,3:10 to Yuma,2007,"Action, Crime, Drama, Western",Movie,7.6,345035,,,,,,0.7260477431567293,7.53,latent-factor fit from your ratings and IMDb priors
216,tt19231492,Dark Matter,2024,"Drama, Sci-Fi, Thriller",TV Series,7.6,67038,,,,,,0.7260477431567293,7.53,latent-factor fit from your ratings and IMDb priors
217,tt1979376,Toy Story 4,2019,"Animation, Adventure, Comedy, Family, Fantasy",Movie,7.6,301636,,,,,,0.7260477431567293,7.53,latent-factor fit from your ratings and IMDb priors
218,tt7161846,Retro Wick: Exploring the Unexpected Success of 'John Wick',2017,"Documentary, Short",Video,7.6,14507,,,,,,0.7260477431567293,7.53,latent-factor fit from your ratings and IMDb priors
219,tt0409459,Watchmen,2009,"Action, Drama, Mystery, Sci-Fi",Movie,7.6,601871,,,,,,0.7260477431567293,7.53,latent-factor fit from your ratings and IMDb priors
220,tt7949218,See,2019,"Action, Drama, Sci-Fi",TV Series,7.6,107142,,,,,,0.7260477431567293,7.53,latent-factor fit from your ratings and IMDb priors
221,tt5580146,Maniac,2018,"Comedy, Drama, Sci-Fi",TV Mini Series,7.6,91024,,,,,,0.7260477431567293,7.53,latent-factor fit from your ratings and IMDb priors
222,tt1517451,A Star Is Born,2018,"Drama, Music, Romance",Movie,7.6,439165,,,,,,0.7260477431567293,7.53,latent-factor fit from your ratings and IMDb priors
223,tt0804484,Foundation,2021,"Drama, Sci-Fi",TV Series,7.6,114109,,,,,,0.7260477431567293,7.53,latent-factor fit from your ratings and IMDb priors
224,tt31193180,Sinners,2025,"Action, Drama, Horror, Music, Thriller",Movie,7.6,252285,,,,,,0.7260477431567293,7.53,latent-factor fit from your ratings and IMDb priors
225,tt6981046,Williams,2017,"Documentary, Biography, Sport",Movie,7.6,4486,,,,,,0.7260477431567293,7.53,latent-factor fit from your ratings and IMDb priors
226,tt7440726,Your Honor,2020,"Crime, Drama, Thriller",TV Series,7.6,77569,,,,,,0.7260477431567293,7.53,latent-factor fit from your ratings and IMDb priors
227,tt7161856,Training 'John Wick',2017,"Documentary, Short",Video,7.6,21179,,,,,,0.7260477431567293,7.53,latent-factor fit from your ratings and IMDb priors
228,tt7689964,RBG,2018,"Documentary, Biography",Movie,7.6,15442,,,,,,0.7260477431567293,7.53,latent-factor fit from your ratings and IMDb priors
229,tt7131622,Once Upon a Time... in Hollywood,2019,"Comedy, Drama",Movie,7.6,922471,,,,,,0.7260477431567293,7.53,latent-factor fit from your ratings and IMDb priors
230,tt5537002,Killers of the Flower Moon,2023,"Crime, Drama, History, Western",Movie,7.6,287833,,,,,,0.7260477431567293,7.53,latent-factor fit from your ratings and IMDb priors
231,tt10366206,John Wick: Chapter 4,2023,"Action, Crime, Thriller",Movie,7.6,390090,,,,,,0.7260477431567293,7.53,latent-factor fit from your ratings and IMDb priors
232,tt9603212,Mission: Impossible - Dead Reckoning Part One,2023,"Action, Adventure, Thriller",Movie,7.6,307421,,,,,,0.7260477431567293,7.53,latent-factor fit from your ratings and IMDb priors
233,tt4873118,The Covenant,2023,"Action, Drama, Thriller, War",Movie,7.5,194510,,,,,,0.7150324950743658,7.44,latent-factor fit from your ratings and IMDb priors
234,tt13016388,3 Body Problem,2024,"Adventure, Drama, Fantasy, Mystery, Sci-Fi",TV Series,7.5,168868,,,,,,0.7150324950743658,7.44,latent-factor fit from your ratings and IMDb priors
235,tt9620288,King Richard,2021,"Biography, Drama, Sport",Movie,7.5,148812,,,,,,0.7150324950743658,7.44,latent-factor fit from your ratings and IMDb priors
236,tt0945513,Source Code,2011,"Action, Drama, Mystery, Sci-Fi, Thriller",Movie,7.5,571348,,,,,,0.7150324950743658,7.44,latent-factor fit from your ratings and IMDb priors
237,tt12945004,Fernando,2020,"Documentary, Sport",TV Series,7.5,578,,,,,,0.7150324950743658,7.44,latent-factor fit from your ratings and IMDb priors
238,tt5959952,Mission Control: The Unsung Heroes of Apollo,2017,"Documentary, History",Movie,7.5,1722,,,,,,0.7150324950743658,7.44,latent-factor fit from your ratings and IMDb priors
239,tt10275370,John Wick: Chapter 3 - Parabellum: HBO First Look,2019,"Documentary, Short",TV Special,7.5,30682,,,,,,0.7150324950743658,7.44,latent-factor fit from your ratings and IMDb priors
240,tt12037194,Furiosa: A Mad Max Saga,2024,"Action, Adventure, Sci-Fi",Movie,7.5,297506,,,,,,0.7150324950743658,7.44,latent-factor fit from your ratings and IMDb priors
241,tt1630029,Avatar: The Way of Water,2022,"Action, Adventure, Fantasy, Sci-Fi",Movie,7.5,542942,,,,,,0.7150324950743658,7.44,latent-factor fit from your ratings and IMDb priors
242,tt7349662,BlacKkKlansman,2018,"Biography, Comedy, Crime, Drama",Movie,7.5,304702,,,,,,0.7150324950743658,7.44,latent-factor fit from your ratings and IMDb priors
243,tt3890160,Baby Driver,2017,"Action, Crime, Drama, Music",Movie,7.5,659990,,,,,,0.7150324950743658,7.44,latent-factor fit from your ratings and IMDb priors
244,tt9782756,Apollo: Missions to the Moon,2019,"Documentary, History",Movie,7.5,730,,,,,,0.7150324950743658,7.44,latent-factor fit from your ratings and IMDb priors
245,tt7671070,Industry,2020,Drama,TV Series,7.5,21244,,,,,,0.7150324950743658,7.44,latent-factor fit from your ratings and IMDb priors
246,tt6263850,Deadpool & Wolverine,2024,"Action, Adventure, Comedy, Sci-Fi",Movie,7.5,520147,,,,,,0.7150324950743658,7.44,latent-factor fit from your ratings and IMDb priors
247,tt5645432,The Old Man,2022,"Action, Drama, Thriller",TV Series,7.5,60928,,,,,,0.7150324950743658,7.44,latent-factor fit from your ratings and IMDb priors
248,tt2531336,Lupin,2021,"Action, Crime, Drama, Mystery",TV Series,7.5,151330,,,,,,0.7150324950743658,7.44,latent-factor fit from your ratings and IMDb priors
249,tt2364582,Agents of S.H.I.E.L.D.,2013,"Action, Adventure, Sci-Fi, Thriller",TV Series,7.5,232205,,,,,,0.7150324950743658,7.44,latent-factor fit from your ratings and IMDb priors
250,tt22022452,Inside Out 2,2024,"Animation, Adventure, Comedy, Drama, Family, Fantasy, Sport",Movie,7.5,228426,,,,,,0.7150324950743658,7.44,latent-factor fit from your ratings and IMDb priors
251,tt3219604,The Last Man on the Moon,2014,"Documentary, Adventure, Biography, History",Movie,7.4,3620,,,,,,0.7040172469918434,7.34,latent-factor fit from your ratings and IMDb priors
252,tt15203646,Bad Monkey,2024,"Comedy, Drama",TV Series,7.4,27068,,,,,,0.7040172469918434,7.34,latent-factor fit from your ratings and IMDb priors
253,tt16030542,The Recruit,2022,"Action, Adventure, Crime, Drama, Thriller",TV Series,7.4,61270,,,,,,0.7040172469918434,7.34,latent-factor fit from your ratings and IMDb priors
254,tt12758060,Tetris,2023,"Biography, Drama, History, Thriller",Movie,7.4,99979,,,,,,0.7040172469918434,7.34,latent-factor fit from your ratings and IMDb priors
255,tt11311302,Vikings: Valhalla,2022,"Action, Adventure, Drama, History, Romance, War",TV Series,7.4,68138,,,,,,0.7040172469918434,7.34,latent-factor fit from your ratings and IMDb priors
256,tt0116209,The English Patient,1996,"Drama, Romance, War",Movie,7.4,209969,,,,,,0.7040172469918434,7.34,latent-factor fit from your ratings and IMDb priors
257,tt0314097,The Gathering Storm,2002,"Biography, Drama, History",TV Movie,7.4,7542,,,,,,0.7040172469918434,7.34,latent-factor fit from your ratings and IMDb priors
258,tt20215234,Conclave,2024,"Drama, Thriller",Movie,7.4,214778,,,,,,0.7040172469918434,7.34,latent-factor fit from your ratings and IMDb priors
259,tt4925292,Lady Bird,2017,"Comedy, Drama",Movie,7.4,354640,,,,,,0.7040172469918434,7.34,latent-factor fit from your ratings and IMDb priors
260,tt10160804,Hawkeye,2021,"Action, Adventure, Crime, Drama, Mystery, Sci-Fi",TV Mini Series,7.4,234356,,,,,,0.7040172469918434,7.34,latent-factor fit from your ratings and IMDb priors
261,tt12295364,Private,2000,Adult,TV Series,7.4,12,,,,,,0.7040172469918434,7.34,latent-factor fit from your ratings and IMDb priors
262,tt9603208,Mission: Impossible - The Final Reckoning,2025,"Action, Adventure, Thriller",Movie,7.4,118400,,,,,,0.7040172469918434,7.34,latent-factor fit from your ratings and IMDb priors
263,tt1262426,Wicked,2024,"Fantasy, Musical, Romance",Movie,7.4,180200,,,,,,0.7040172469918434,7.34,latent-factor fit from your ratings and IMDb priors
264,tt6279452,Expedition Mars,2016,Documentary,TV Movie,7.4,362,,,,,,0.7040172469918434,7.34,latent-factor fit from your ratings and IMDb priors
265,tt6146586,John Wick: Chapter 3 - Parabellum,2019,"Action, Crime, Drama, Thriller",Movie,7.4,462232,,,,,,0.7040172469918434,7.34,latent-factor fit from your ratings and IMDb priors
266,tt7888964,Nobody,2021,"Action, Crime, Drama, Thriller",Movie,7.4,361374,,,,,,0.7040172469918434,7.34,latent-factor fit from your ratings and IMDb priors
267,tt3884454,The Saturn V Story,2014,"Documentary, History",Movie,7.3,480,,,,,,0.6930019989093761,7.24,latent-factor fit from your ratings and IMDb priors
268,tt3521126,The Disaster Artist,2017,"Biography, Comedy, Drama",Movie,7.3,169220,,,,,,0.6930019989093761,7.24,latent-factor fit from your ratings and IMDb priors
269,tt8999762,The Brutalist,2024,Drama,Movie,7.3,99054,,,,,,0.6930019989093761,7.24,latent-factor fit from your ratings and IMDb priors
270,tt7949606,The Last Czars,2019,"Documentary, Drama, History, Romance",TV Mini Series,7.3,10308,,,,,,0.6930019989093761,7.24,latent-factor fit from your ratings and IMDb priors
271,tt14879018,Running Point,2025,"Comedy, Sport",TV Series,7.3,20134,,,,,,0.6930019989093761,7.24,latent-factor fit from your ratings and IMDb priors
272,tt0218505,Path to War,2002,"Biography, Drama, War",TV Movie,7.3,4526,,,,,,0.6930019989093761,7.24,latent-factor fit from your ratings and IMDb priors
273,tt7664414,A Year in Space,2016,Documentary,TV Movie,7.3,241,,,,,,0.6930019989093761,7.24,latent-factor fit from your ratings and IMDb priors
274,tt0128442,Rounders,1998,"Crime, Drama",Movie,7.3,165655,,,,,,0.6930019989093761,7.24,latent-factor fit from your ratings and IMDb priors
275,tt4572514,Patriots Day,2016,"Action, Crime, Drama, History, Thriller",Movie,7.3,119544,,,,,,0.6930019989093761,7.24,latent-factor fit from your ratings and IMDb priors
276,tt1578873,Pretty Little Liars,2010,"Drama, Mystery, Romance, Thriller",TV Series,7.3,184938,,,,,,0.6930019989093761,7.24,latent-factor fit from your ratings and IMDb priors
277,tt5428494,A Year in Space,2015,Documentary,TV Series,7.3,469,,,,,,0.6930019989093761,7.24,latent-factor fit from your ratings and IMDb priors
278,tt11834592,Gaslit,2022,"Biography, Drama, History",TV Mini Series,7.3,8279,,,,,,0.6930019989093761,7.24,latent-factor fit from your ratings and IMDb priors
279,tt6857376,Palmer,2021,Drama,Movie,7.3,49081,,,,,,0.6930019989093761,7.24,latent-factor fit from your ratings and IMDb priors
280,tt0437086,Alita: Battle Angel,2019,"Action, Adventure, Sci-Fi, Thriller",Movie,7.3,315257,,,,,,0.6930019989093761,7.24,latent-factor fit from your ratings and IMDb priors
281,tt21867434,BlackBerry,2023,"Biography, Comedy, Drama, History",Movie,7.3,61081,,,,,,0.6930019989093761,7.24,latent-factor fit from your ratings and IMDb priors
282,tt6723592,Tenet,2020,"Action, Sci-Fi, Thriller",Movie,7.3,639313,,,,,,0.6930019989093761,7.24,latent-factor fit from your ratings and IMDb priors
283,tt12593682,Bullet Train,2022,"Action, Comedy, Thriller",Movie,7.3,503703,,,,,,0.6930019989093761,7.24,latent-factor fit from your ratings and IMDb priors
284,tt2934286,Halo,2022,"Action, Adventure, Sci-Fi, Thriller, War",TV Series,7.3,105651,,,,,,0.6930019989093761,7.24,latent-factor fit from your ratings and IMDb priors
285,tt10234724,Moon Knight,2022,"Action, Adventure, Fantasy",TV Mini Series,7.3,298107,,,,,,0.6930019989093761,7.24,latent-factor fit from your ratings and IMDb priors
286,tt10168312,What If...?,2021,"Animation, Action, Adventure, Sci-Fi",TV Series,7.3,155869,,,,,,0.6930019989093761,7.24,latent-factor fit from your ratings and IMDb priors
287,tt10676052,The Fantastic Four: First Steps,2025,"Action, Adventure, Sci-Fi",Movie,7.3,114435,,,,,,0.6930019989093761,7.24,latent-factor fit from your ratings and IMDb priors
288,tt6467266,Sing 2,2021,"Animation, Adventure, Comedy, Family, Musical",Movie,7.3,97083,,,,,,0.6930019989093761,7.24,latent-factor fit from your ratings and IMDb priors
289,tt4244994,The Last Duel,2021,"Drama, History, Thriller",Movie,7.3,198283,,,,,,0.6930019989093761,7.24,latent-factor fit from your ratings and IMDb priors
290,tt1596343,Fast Five,2011,"Action, Crime, Thriller",Movie,7.3,424071,,,,,,0.6930019989093761,7.24,latent-factor fit from your ratings and IMDb priors
291,tt2066051,Rocketman,2019,"Biography, Drama, Music, Musical",Movie,7.3,204951,,,,,,0.6930019989093761,7.24,latent-factor fit from your ratings and IMDb priors
292,tt10466872,Dune: Prophecy,2024,"Action, Adventure, Drama, Sci-Fi",TV Series,7.3,59533,,,,,,0.6930019989093761,7.24,latent-factor fit from your ratings and IMDb priors
293,tt9319668,1899,2022,"Adventure, Drama, Thriller",TV Series,7.3,118255,,,,,,0.6930019989093761,7.24,latent-factor fit from your ratings and IMDb priors
294,tt9376612,Shang-Chi and the Legend of the Ten Rings,2021,"Action, Adventure, Fantasy, Sci-Fi",Movie,7.3,471129,,,,,,0.6930019989093761,7.24,latent-factor fit from your ratings and IMDb priors
295,tt8368512,The Courier,2020,"Drama, History, Mystery, Thriller",Movie,7.2,79537,,,,,,0.6819867508269059,7.14,latent-factor fit from your ratings and IMDb priors
296,tt13659418,Pam & Tommy,2022,"Biography, Comedy, Drama, Romance",TV Mini Series,7.2,42531,,,,,,0.6819867508269059,7.14,latent-factor fit from your ratings and IMDb priors
297,tt0928406,The Wonder of it All,2007,Documentary,Movie,7.2,226,,,,,,0.6819867508269059,7.14,latent-factor fit from your ratings and IMDb priors
298,tt1321510,In the Heights,2021,"Drama, Musical, Romance",Movie,7.2,54679,,,,,,0.6819867508269059,7.14,latent-factor fit from your ratings and IMDb priors
299,tt8526872,Dolemite Is My Name,2019,"Biography, Comedy, Drama",Movie,7.2,66976,,,,,,0.6819867508269059,7.14,latent-factor fit from your ratings and IMDb priors
300,tt2953050,Encanto,2021,"Animation, Comedy, Family, Fantasy, Musical",Movie,7.2,285807,,,,,,0.6819867508269059,7.14,latent-factor fit from your ratings and IMDb priors
301,tt0962736,The Young Victoria,2009,"Biography, Drama, History, Romance",Movie,7.2,68440,,,,,,0.6819867508269059,7.14,latent-factor fit from your ratings and IMDb priors
302,tt31434639,Warfare,2025,"Action, Drama, War",Movie,7.2,72155,,,,,,0.6819867508269059,7.14,latent-factor fit from your ratings and IMDb priors
303,tt9184986,Barbarians,2020,"Action, Adventure, Drama",TV Series,7.2,32275,,,,,,0.6819867508269059,7.14,latent-factor fit from your ratings and IMDb priors
304,tt7725144,Demetri Martin: The Overthinker,2018,Comedy,TV Special,7.2,1969,,,,,,0.6819867508269059,7.14,latent-factor fit from your ratings and IMDb priors
305,tt8632862,Fahrenheit 11/9,2018,Documentary,Movie,7.2,21261,,,,,,0.6819867508269059,7.14,latent-factor fit from your ratings and IMDb priors
306,tt3224458,A Beautiful Day in the Neighborhood,2019,"Biography, Drama, Family",Movie,7.2,92278,,,,,,0.6819867508269059,7.14,latent-factor fit from your ratings and IMDb priors
307,tt15837600,Griselda,2024,"Biography, Crime, Drama",TV Mini Series,7.2,48187,,,,,,0.6819867508269059,7.14,latent-factor fit from your ratings and IMDb priors
308,tt3322314,Luke Cage,2016,"Action, Crime, Drama, Sci-Fi, Thriller",TV Series,7.2,145499,,,,,,0.6819867508269059,7.14,latent-factor fit from your ratings and IMDb priors
309,tt12247528,Star Wars: Episode II - Attack of the Clones: Deleted Scenes,2002,"Short, Action, Fantasy, Sci-Fi",Video,7.1,21489,,,,,,0.6709715027444242,7.04,latent-factor fit from your ratings and IMDb priors
310,tt2820852,Furious 7,2015,"Action, Thriller",Movie,7.1,430566,,,,,,0.6709715027444242,7.04,latent-factor fit from your ratings and IMDb priors
311,tt20600980,Skeleton Crew,2024,"Action, Adventure, Sci-Fi",TV Series,7.1,39968,,,,,,0.6709715027444242,7.04,latent-factor fit from your ratings and IMDb priors
312,tt0479143,Rocky Balboa,2006,"Drama, Sport",Movie,7.1,238922,,,,,,0.6709715027444242,7.04,latent-factor fit from your ratings and IMDb priors
313,tt0453467,Deja Vu,2006,"Action, Crime, Sci-Fi, Thriller",Movie,7.1,339681,,,,,,0.6709715027444242,7.04,latent-factor fit from your ratings and IMDb priors
314,tt10640346,Babylon,2022,"Comedy, Drama",Movie,7.1,197191,,,,,,0.6709715027444242,7.04,latent-factor fit from your ratings and IMDb priors
315,tt0103772,Basic Instinct,1992,"Drama, Mystery, Romance, Thriller",Movie,7.1,235198,,,,,,0.6709715027444242,7.04,latent-factor fit from your ratings and IMDb priors
316,tt9208876,The Falcon and the Winter Soldier,2021,"Action, Adventure, Sci-Fi",TV Mini Series,7.1,271977,,,,,,0.6709715027444242,7.04,latent-factor fit from your ratings and IMDb priors
317,tt0177933,Muhammad and Larry,1980,"Documentary, Short, Sport",Short,7.1,799,,,,,,0.6709715027444242,7.04,latent-factor fit from your ratings and IMDb priors
318,tt8206668,Bad Education,2019,"Biography, Comedy, Crime, Drama",Movie,7.1,45227,,,,,,0.6709715027444242,7.04,latent-factor fit from your ratings and IMDb priors
319,tt11564570,Glass Onion,2022,"Comedy, Crime, Drama, Mystery, Thriller",Movie,7.1,483160,,,,,,0.6709715027444242,7.04,latent-factor fit from your ratings and IMDb priors
320,tt11083552,Wrath of Man,2021,"Action, Crime, Thriller",Movie,7.1,228525,,,,,,0.6709715027444242,7.04,latent-factor fit from your ratings and IMDb priors
321,tt9686708,The King of Staten Island,2020,"Comedy, Drama",Movie,7.1,80324,,,,,,0.6709715027444242,7.04,latent-factor fit from your ratings and IMDb priors
322,tt6343314,Creed II,2018,"Action, Drama, Sport",Movie,7.1,164738,,,,,,0.6709715027444242,7.04,latent-factor fit from your ratings and IMDb priors
323,tt5052474,Sicario: Day of the Soldado,2018,"Action, Crime, Drama, Mystery, Thriller",Movie,7.1,182805,,,,,,0.6709715027444242,7.04,latent-factor fit from your ratings and IMDb priors
324,tt6264654,Free Guy,2021,"Action, Adventure, Comedy, Fantasy, Romance, Sci-Fi",Movie,7.1,470283,,,,,,0.6709715027444242,7.04,latent-factor fit from your ratings and IMDb priors
325,tt4495098,Gran Turismo,2023,"Action, Adventure, Drama, Sport",Movie,7.1,126592,,,,,,0.6709715027444242,7.04,latent-factor fit from your ratings and IMDb priors
326,tt23872886,Zero Day,2025,"Drama, Thriller",TV Mini Series,7.0,54892,,,,,,0.6599562546619278,6.94,latent-factor fit from your ratings and IMDb priors
327,tt5755238,Leo,2023,"Animation, Adventure, Comedy, Family, Musical",Movie,7.0,43529,,,,,,0.6599562546619278,6.94,latent-factor fit from your ratings and IMDb priors
328,tt12263384,Extraction II,2023,"Action, Crime, Thriller",Movie,7.0,166413,,,,,,0.6599562546619278,6.94,latent-factor fit from your ratings and IMDb priors
329,tt17351924,Saltburn,2023,"Drama, Thriller",Movie,7.0,249122,,,,,,0.6599562546619278,6.94,latent-factor fit from your ratings and IMDb priors
330,tt17279496,Civil War,2024,"Action, Thriller",Movie,7.0,248683,,,,,,0.6599562546619278,6.94,latent-factor fit from your ratings and IMDb priors
331,tt11138512,The Northman,2022,"Action, Adventure, Drama, Fantasy, History, Thriller",Movie,7.0,284943,,,,,,0.6599562546619278,6.94,latent-factor fit from your ratings and IMDb priors
332,tt1615160,The Foreigner,2017,"Action, Crime, Thriller",Movie,7.0,129256,,,,,,0.6599562546619278,6.94,latent-factor fit from your ratings and IMDb priors
333,tt31956415,Freakier Friday,2025,"Comedy, Family, Fantasy",Movie,7.0,7585,,,,,,0.6599562546619278,6.94,latent-factor fit from your ratings and IMDb priors
334,tt6048922,Greyhound,2020,"Drama, History, War",Movie,7.0,126334,,,,,,0.6599562546619278,6.94,latent-factor fit from your ratings and IMDb priors
335,tt8139850,Mercury 13,2018,Documentary,Movie,7.0,1341,,,,,,0.6599562546619278,6.94,latent-factor fit from your ratings and IMDb priors
336,tt4513678,Ghostbusters: Afterlife,2021,"Adventure, Comedy, Fantasy, Sci-Fi",Movie,7.0,234849,,,,,,0.6599562546619278,6.94,latent-factor fit from your ratings and IMDb priors
337,tt6233538,Roman Empire,2016,"Documentary, Biography, Drama, History, War",TV Series,7.0,10034,,,,,,0.6599562546619278,6.94,latent-factor fit from your ratings and IMDb priors
338,tt6212478,American Animals,2018,"Biography, Crime, Drama, History, Thriller",Movie,7.0,51570,,,,,,0.6599562546619278,6.94,latent-factor fit from your ratings and IMDb priors
339,tt5836316,The Last Movie Star,2017,Drama,Movie,7.0,5159,,,,,,0.6599562546619278,6.94,latent-factor fit from your ratings and IMDb priors
340,tt0462499,Rambo,2008,"Action, Thriller",Movie,7.0,252634,,,,,,0.6599562546619278,6.94,latent-factor fit from your ratings and IMDb priors
341,tt1355644,Passengers,2016,"Drama, Romance, Sci-Fi, Thriller",Movie,7.0,480156,,,,,,0.6599562546619278,6.94,latent-factor fit from your ratings and IMDb priors
342,tt6324278,Abominable,2019,"Animation, Adventure, Comedy, Family, Fantasy",Movie,7.0,45422,,,,,,0.6599562546619278,6.94,latent-factor fit from your ratings and IMDb priors
343,tt1959563,The Hitman's Bodyguard,2017,"Action, Comedy, Crime, Thriller",Movie,6.9,258122,,,,,,0.6489410065795026,6.84,latent-factor fit from your ratings and IMDb priors
344,tt6139732,Aladdin,2019,"Adventure, Comedy, Family, Fantasy, Musical, Romance",Movie,6.9,306642,,,,,,0.6489410065795026,6.84,latent-factor fit from your ratings and IMDb priors
345,tt6156584,Snowpiercer,2020,"Action, Drama, Sci-Fi, Thriller",TV Series,6.9,71962,,,,,,0.6489410065795026,6.84,latent-factor fit from your ratings and IMDb priors
346,tt3569230,Legend,2015,"Biography, Crime, Drama, Thriller",Movie,6.9,216979,,,,,,0.6489410065795026,6.84,latent-factor fit from your ratings and IMDb priors
347,tt27657135,Saturday Night,2024,"Biography, Comedy, Drama, History",Movie,6.9,34412,,,,,,0.6489410065795026,6.84,latent-factor fit from your ratings and IMDb priors
348,tt6018306,Last Flag Flying,2017,"Comedy, Drama, War",Movie,6.9,29926,,,,,,0.6489410065795026,6.84,latent-factor fit from your ratings and IMDb priors
349,tt18351584,Franklin,2024,"Biography, Drama, History",TV Mini Series,6.9,5150,,,,,,0.6489410065795026,6.84,latent-factor fit from your ratings and IMDb priors
350,tt2708254,Life of a King,2013,Drama,Movie,6.9,9021,,,,,,0.6489410065795026,6.84,latent-factor fit from your ratings and IMDb priors
351,tt10680614,A Teacher,2020,Drama,TV Mini Series,6.9,17102,,,,,,0.6489410065795026,6.84,latent-factor fit from your ratings and IMDb priors
352,tt4971344,The Sisters Brothers,2018,"Drama, Western",Movie,6.9,74134,,,,,,0.6489410065795026,6.84,latent-factor fit from your ratings and IMDb priors
353,tt0089155,Fletch,1985,"Comedy, Crime, Mystery",Movie,6.9,59972,,,,,,0.6489410065795026,6.84,latent-factor fit from your ratings and IMDb priors
354,tt2850386,The Croods: A New Age,2020,"Animation, Adventure, Comedy, Family, Fantasy",Movie,6.9,58345,,,,,,0.6489410065795026,6.84,latent-factor fit from your ratings and IMDb priors
355,tt3420504,Finch,2021,"Adventure, Drama, Sci-Fi",Movie,6.9,106702,,,,,,0.6489410065795026,6.84,latent-factor fit from your ratings and IMDb priors
356,tt7181546,Ballerina,2025,"Action, Thriller",Movie,6.9,86099,,,,,,0.6489410065795026,6.84,latent-factor fit from your ratings and IMDb priors
357,tt3778644,Solo: A Star Wars Story,2018,"Action, Adventure, Sci-Fi",Movie,6.9,399229,,,,,,0.6489410065795026,6.84,latent-factor fit from your ratings and IMDb priors
358,tt4520988,Frozen II,2019,"Animation, Adventure, Comedy, Drama, Family, Fantasy, Musical",Movie,6.8,210383,,,,,,0.6379257584970142,6.74,latent-factor fit from your ratings and IMDb priors
359,tt11389872,Kingdom of the Planet of the Apes,2024,"Action, Adventure, Drama, Sci-Fi, Thriller",Movie,6.8,158153,,,,,,0.6379257584970142,6.74,latent-factor fit from your ratings and IMDb priors
360,tt6105098,The Lion King,2019,"Animation, Adventure, Drama, Family, Musical",Movie,6.8,285616,,,,,,0.6379257584970142,6.74,latent-factor fit from your ratings and IMDb priors
361,tt8936646,Extraction,2020,"Action, Crime, Thriller",Movie,6.8,281779,,,,,,0.6379257584970142,6.74,latent-factor fit from your ratings and IMDb priors
362,tt17024450,The Equalizer 3,2023,"Action, Crime, Thriller",Movie,6.8,151488,,,,,,0.6379257584970142,6.74,latent-factor fit from your ratings and IMDb priors
363,tt1684562,The Fall Guy,2024,"Action, Comedy, Drama, Romance",Movie,6.8,232172,,,,,,0.6379257584970142,6.74,latent-factor fit from your ratings and IMDb priors
364,tt3361792,Tolkien,2019,"Biography, Drama, Romance, War",Movie,6.8,49903,,,,,,0.6379257584970142,6.74,latent-factor fit from your ratings and IMDb priors
365,tt10268488,The Greatest Beer Run Ever,2022,"Adventure, Drama, War",Movie,6.8,34495,,,,,,0.6379257584970142,6.74,latent-factor fit from your ratings and IMDb priors
366,tt13957560,Dumb Money,2023,"Biography, Comedy, Drama",Movie,6.8,58997,,,,,,0.6379257584970142,6.74,latent-factor fit from your ratings and IMDb priors
367,tt29870383,Being Michael Schumacher,2023,"Documentary, Biography, Sport",TV Mini Series,6.8,84,,,,,,0.6379257584970142,6.74,latent-factor fit from your ratings and IMDb priors
368,tt0783640,The Last Full Measure,2019,"Drama, War",Movie,6.8,15028,,,,,,0.6379257584970142,6.74,latent-factor fit from your ratings and IMDb priors
369,tt2139881,Long Shot,2019,"Comedy, Romance",Movie,6.8,126488,,,,,,0.6379257584970142,6.74,latent-factor fit from your ratings and IMDb priors
370,tt28703559,Territory,2024,"Adventure, Drama, Western",TV Series,6.8,6840,,,,,,0.6379257584970142,6.74,latent-factor fit from your ratings and IMDb priors
371,tt6878306,News of the World,2020,"Action, Adventure, Drama, Western",Movie,6.8,99326,,,,,,0.6379257584970142,6.74,latent-factor fit from your ratings and IMDb priors
372,tt2798920,Annihilation,2018,"Adventure, Drama, Horror, Mystery, Sci-Fi, Thriller",Movie,6.8,383625,,,,,,0.6379257584970142,6.74,latent-factor fit from your ratings and IMDb priors
373,tt3833480,The Outpost,2019,"Action, Drama, History, War",Movie,6.8,46037,,,,,,0.6379257584970142,6.74,latent-factor fit from your ratings and IMDb priors
374,tt5563334,The Good Liar,2019,"Crime, Drama, Mystery, Thriller",Movie,6.7,52497,,,,,,0.6269105104145092,6.64,latent-factor fit from your ratings and IMDb priors
375,tt11858890,The Creator,2023,"Action, Adventure, Drama, Sci-Fi, Thriller",Movie,6.7,188955,,,,,,0.6269105104145092,6.64,latent-factor fit from your ratings and IMDb priors
376,tt7068946,The Accountant 2,2025,"Action, Crime, Drama, Mystery, Thriller",Movie,6.7,101281,,,,,,0.6269105104145092,6.64,latent-factor fit from your ratings and IMDb priors
377,tt17527468,Bottoms,2023,Comedy,Movie,6.7,53847,,,,,,0.6269105104145092,6.64,latent-factor fit from your ratings and IMDb priors
378,tt7040874,A Simple Favor,2018,"Comedy, Crime, Mystery, Thriller",Movie,6.7,186141,,,,,,0.6269105104145092,6.64,latent-factor fit from your ratings and IMDb priors
379,tt1637688,In Time,2011,"Action, Sci-Fi, Thriller",Movie,6.7,471882,,,,,,0.6269105104145092,6.64,latent-factor fit from your ratings and IMDb priors
380,tt1372281,Muhammad Ali: Made in Miami,2008,Biography,TV Movie,6.7,767,,,,,,0.6269105104145092,6.64,latent-factor fit from your ratings and IMDb priors
381,tt2837574,The Old Man & the Gun,2018,"Biography, Comedy, Crime, Drama, Romance",Movie,6.7,51212,,,,,,0.6269105104145092,6.64,latent-factor fit from your ratings and IMDb priors
382,tt4701182,Bumblebee,2018,"Action, Adventure, Sci-Fi",Movie,6.7,201785,,,,,,0.6269105104145092,6.64,latent-factor fit from your ratings and IMDb priors
383,tt5028340,Mary Poppins Returns,2018,"Adventure, Comedy, Family, Fantasy, Music, Musical",Movie,6.7,98828,,,,,,0.6269105104145092,6.64,latent-factor fit from your ratings and IMDb priors
384,tt7504726,The Call of the Wild,2020,"Adventure, Drama, Family",Movie,6.7,61961,,,,,,0.6269105104145092,6.64,latent-factor fit from your ratings and IMDb priors
385,tt8544498,The Way Back,2020,"Drama, Sport",Movie,6.7,55227,,,,,,0.6269105104145092,6.64,latent-factor fit from your ratings and IMDb priors
386,tt7738330,The Long Game,2023,"Drama, History, Sport",Movie,6.7,7677,,,,,,0.6269105104145092,6.64,latent-factor fit from your ratings and IMDb priors
387,tt11145118,Creed III,2023,"Action, Drama, Sport",Movie,6.7,102362,,,,,,0.6269105104145092,6.64,latent-factor fit from your ratings and IMDb priors
388,tt1846589,Hunter Killer,2018,"Action, Thriller",Movie,6.6,78482,,,,,,0.6158952623320793,6.54,latent-factor fit from your ratings and IMDb priors
389,tt6182908,Smallfoot,2018,"Animation, Adventure, Comedy, Drama, Family, Fantasy, Musical",Movie,6.6,44616,,,,,,0.6158952623320793,6.54,latent-factor fit from your ratings and IMDb priors
390,tt1833116,The Informer,2019,"Action, Crime, Drama, Thriller",Movie,6.6,45010,,,,,,0.6158952623320793,6.54,latent-factor fit from your ratings and IMDb priors
391,tt17505010,Horizon: An American Saga - Chapter 1,2024,"Drama, Western",Movie,6.6,42221,,,,,,0.6158952623320793,6.54,latent-factor fit from your ratings and IMDb priors
392,tt7975244,Jumanji: The Next Level,2019,"Action, Adventure, Comedy, Fantasy",Movie,6.6,308337,,,,,,0.6158952623320793,6.54,latent-factor fit from your ratings and IMDb priors
393,tt7430722,War,2019,"Action, Adventure, Thriller",Movie,6.6,36906,,,,,,0.6158952623320793,6.54,latent-factor fit from your ratings and IMDb priors
394,tt1619029,Jackie,2016,"Biography, Drama",Movie,6.6,85850,,,,,,0.6158952623320793,6.54,latent-factor fit from your ratings and IMDb priors
395,tt4951982,The Command,2018,"Action, Adventure, Drama, History, Thriller",Movie,6.6,23030,,,,,,0.6158952623320793,6.54,latent-factor fit from your ratings and IMDb priors
396,tt2049403,Beetlejuice Beetlejuice,2024,"Comedy, Fantasy, Horror",Movie,6.6,158825,,,,,,0.6158952623320793,6.54,latent-factor fit from your ratings and IMDb priors
397,tt4244998,Alpha,2018,"Adventure, Drama",Movie,6.6,70117,,,,,,0.6158952623320793,6.54,latent-factor fit from your ratings and IMDb priors
398,tt7846844,Enola Holmes,2020,"Adventure, Crime, Drama, Mystery",Movie,6.6,236405,,,,,,0.6158952623320793,6.54,latent-factor fit from your ratings and IMDb priors
399,tt13186482,Mufasa: The Lion King,2024,"Animation, Adventure, Drama, Family, Musical",Movie,6.6,74357,,,,,,0.6158952623320793,6.54,latent-factor fit from your ratings and IMDb priors
400,tt1270797,Venom,2018,"Action, Adventure, Sci-Fi",Movie,6.6,586225,,,,,,0.6158952623320793,6.54,latent-factor fit from your ratings and IMDb priors
401,tt9777666,The Tomorrow War,2021,"Action, Adventure, Drama, Sci-Fi, Thriller",Movie,6.6,244711,,,,,,0.6158952623320793,6.54,latent-factor fit from your ratings and IMDb priors
402,tt0870154,Jungle Cruise,2021,"Action, Adventure, Comedy, Fantasy",Movie,6.6,223196,,,,,,0.6158952623320793,6.54,latent-factor fit from your ratings and IMDb priors
403,tt6141246,The Aeronauts,2019,"Action, Adventure, Drama, Romance",Movie,6.6,39350,,,,,,0.6158952623320793,6.54,latent-factor fit from your ratings and IMDb priors
404,tt9165688,Mission to the Sun,2019,Documentary,TV Movie,6.6,288,,,,,,0.6158952623320793,6.54,latent-factor fit from your ratings and IMDb priors
405,tt9243804,The Green Knight,2021,"Adventure, Drama, Fantasy",Movie,6.6,127347,,,,,,0.6158952623320793,6.54,latent-factor fit from your ratings and IMDb priors
406,tt3480822,Black Widow,2021,"Action, Adventure, Sci-Fi",Movie,6.6,460932,,,,,,0.6158952623320793,6.54,latent-factor fit from your ratings and IMDb priors
407,tt7693316,Devotion,2022,"Action, Biography, Drama, War",Movie,6.6,31181,,,,,,0.6158952623320793,6.54,latent-factor fit from your ratings and IMDb priors
408,tt13143964,Borat Subsequent Moviefilm,2020,Comedy,Movie,6.6,161201,,,,,,0.6158952623320793,6.54,latent-factor fit from your ratings and IMDb priors
409,tt4669264,Beirut,2018,"Action, Adventure, Crime, Drama, Mystery, Thriller",Movie,6.5,26224,,,,,,0.6048800142495475,6.44,latent-factor fit from your ratings and IMDb priors
410,tt8580274,Eurovision Song Contest: The Story of Fire Saga,2020,"Comedy, Music",Movie,6.5,107162,,,,,,0.6048800142495475,6.44,latent-factor fit from your ratings and IMDb priors
411,tt13622970,Moana 2,2024,"Animation, Adventure, Comedy, Family, Fantasy, Musical",Movie,6.5,114121,,,,,,0.6048800142495475,6.44,latent-factor fit from your ratings and IMDb priors
412,tt2388771,Mowgli: Legend of the Jungle,2018,"Adventure, Drama, Fantasy",Movie,6.5,68155,,,,,,0.6048800142495475,6.44,latent-factor fit from your ratings and IMDb priors
413,tt3513498,The Lego Movie 2: The Second Part,2019,"Animation, Adventure, Comedy, Family, Fantasy, Musical, Sci-Fi",Movie,6.5,82139,,,,,,0.6048800142495475,6.44,latent-factor fit from your ratings and IMDb priors
414,tt4537896,White Boy Rick,2018,"Crime, Drama",Movie,6.5,46986,,,,,,0.6048800142495475,6.44,latent-factor fit from your ratings and IMDb priors
415,tt26843513,Sovereign,2025,"Crime, Drama, Thriller",Movie,6.5,3607,,,,,,0.6048800142495475,6.44,latent-factor fit from your ratings and IMDb priors
416,tt5884052,Pokmon: Detective Pikachu,2019,"Adventure, Comedy, Family, Mystery, Sci-Fi",Movie,6.5,192383,,,,,,0.6048800142495475,6.44,latent-factor fit from your ratings and IMDb priors
417,tt1502397,Bad Boys for Life,2020,"Action, Comedy, Crime, Thriller",Movie,6.5,192287,,,,,,0.6048800142495475,6.44,latent-factor fit from your ratings and IMDb priors
418,tt3794354,Sonic the Hedgehog,2020,"Action, Adventure, Comedy, Family, Fantasy, Sci-Fi",Movie,6.5,184835,,,,,,0.6048800142495475,6.44,latent-factor fit from your ratings and IMDb priors
419,tt4919268,Bad Boys: Ride or Die,2024,"Action, Adventure, Comedy, Crime, Thriller",Movie,6.5,104961,,,,,,0.6048800142495475,6.44,latent-factor fit from your ratings and IMDb priors
420,tt2140507,The Current War,2017,"Biography, Drama, History",Movie,6.5,32605,,,,,,0.6048800142495475,6.44,latent-factor fit from your ratings and IMDb priors
421,tt2935510,Ad Astra,2019,"Adventure, Drama, Mystery, Sci-Fi, Thriller",Movie,6.5,272785,,,,,,0.6048800142495475,6.44,latent-factor fit from your ratings and IMDb priors
422,tt14230388,Asteroid City,2023,"Comedy, Drama, Romance, Sci-Fi",Movie,6.4,136774,,,,,,0.5938647661671064,6.34,latent-factor fit from your ratings and IMDb priors
423,tt3083016,Beverly Hills Cop: Axel F,2024,"Action, Comedy, Crime, Thriller",Movie,6.4,83518,,,,,,0.5938647661671064,6.34,latent-factor fit from your ratings and IMDb priors
424,tt0472944,Cathouse: The Series,2005,Documentary,TV Series,6.4,332,,,,,,0.5938647661671064,6.34,latent-factor fit from your ratings and IMDb priors
425,tt4463894,Shaft,2019,"Action, Comedy, Crime, Mystery",Movie,6.4,61125,,,,,,0.5938647661671064,6.34,latent-factor fit from your ratings and IMDb priors
426,tt6439020,The Personal History of David Copperfield,2019,"Comedy, Drama",Movie,6.4,23514,,,,,,0.5938647661671064,6.34,latent-factor fit from your ratings and IMDb priors
427,tt2293640,Minions,2015,"Animation, Adventure, Comedy, Crime, Family, Sci-Fi",Movie,6.4,276113,,,,,,0.5938647661671064,6.34,latent-factor fit from your ratings and IMDb priors
428,tt6189022,Angel Has Fallen,2019,"Action, Thriller",Movie,6.4,118695,,,,,,0.5938647661671064,6.34,latent-factor fit from your ratings and IMDb priors
429,tt3758542,Ferrari,2023,"Biography, Drama, History, Sport",Movie,6.4,64054,,,,,,0.5938647661671064,6.34,latent-factor fit from your ratings and IMDb priors
430,tt1167345,Co-Ed Confidential,2007,"Comedy, Drama, Romance",TV Series,6.4,889,,,,,,0.5938647661671064,6.34,latent-factor fit from your ratings and IMDb priors
431,tt4046784,Maze Runner: The Scorch Trials,2015,"Action, Adventure, Sci-Fi, Thriller",Movie,6.3,295784,,,,,,0.5828495180846804,6.25,latent-factor fit from your ratings and IMDb priors
432,tt6856242,The King's Man,2021,"Action, Adventure, Thriller",Movie,6.3,189643,,,,,,0.5828495180846804,6.25,latent-factor fit from your ratings and IMDb priors
433,tt9000224,The Assistant,2019,Drama,Movie,6.3,28136,,,,,,0.5828495180846804,6.25,latent-factor fit from your ratings and IMDb priors
434,tt5164214,Ocean's Eight,2018,"Action, Comedy, Crime",Movie,6.3,254558,,,,,,0.5828495180846804,6.25,latent-factor fit from your ratings and IMDb priors
435,tt4500922,Maze Runner: The Death Cure,2018,"Action, Adventure, Sci-Fi, Thriller",Movie,6.3,180851,,,,,,0.5828495180846804,6.25,latent-factor fit from your ratings and IMDb priors
436,tt7991608,Red Notice,2021,"Action, Comedy, Thriller",Movie,6.3,344353,,,,,,0.5828495180846804,6.25,latent-factor fit from your ratings and IMDb priors
437,tt21692408,Kung Fu Panda 4,2024,"Animation, Action, Adventure, Comedy, Family, Fantasy, Thriller",Movie,6.3,72404,,,,,,0.5828495180846804,6.25,latent-factor fit from your ratings and IMDb priors
438,tt5034838,Godzilla vs. Kong,2021,"Action, Sci-Fi, Thriller",Movie,6.3,259739,,,,,,0.5828495180846804,6.25,latent-factor fit from your ratings and IMDb priors
439,tt1365519,Tomb Raider,2018,"Action, Adventure, Fantasy, Thriller",Movie,6.3,236242,,,,,,0.5828495180846804,6.25,latent-factor fit from your ratings and IMDb priors
440,tt2256592,Skin to the Max,2011,"Documentary, Drama, Reality-TV, Romance",TV Series,6.3,164,,,,,,0.5828495180846804,6.25,latent-factor fit from your ratings and IMDb priors
441,tt9076562,Irresistible,2020,"Comedy, Drama",Movie,6.3,24371,,,,,,0.5828495180846804,6.25,latent-factor fit from your ratings and IMDb priors
442,tt1137450,Death Wish,2018,"Action, Crime, Drama, Thriller",Movie,6.3,79977,,,,,,0.5828495180846804,6.25,latent-factor fit from your ratings and IMDb priors
443,tt14824600,The Lord of the Rings: The War of the Rohirrim,2024,"Animation, Action, Adventure, Drama, Fantasy",Movie,6.3,34679,,,,,,0.5828495180846804,6.25,latent-factor fit from your ratings and IMDb priors
444,tt15671028,No Hard Feelings,2023,"Comedy, Romance",Movie,6.3,203627,,,,,,0.5828495180846804,6.25,latent-factor fit from your ratings and IMDb priors
445,tt2004420,Neighbors,2014,Comedy,Movie,6.3,340104,,,,,,0.5828495180846804,6.25,latent-factor fit from your ratings and IMDb priors
446,tt6450804,Terminator: Dark Fate,2019,"Action, Adventure, Sci-Fi",Movie,6.2,206755,,,,,,0.571834270002216,6.15,latent-factor fit from your ratings and IMDb priors
447,tt3861390,Dumbo,2019,"Adventure, Family, Fantasy",Movie,6.2,86504,,,,,,0.571834270002216,6.15,latent-factor fit from your ratings and IMDb priors
448,tt9032400,Eternals,2021,"Action, Adventure, Fantasy, Sci-Fi",Movie,6.2,414205,,,,,,0.571834270002216,6.15,latent-factor fit from your ratings and IMDb priors
449,tt5834262,Hotel Artemis,2018,"Action, Crime, Drama, Sci-Fi, Thriller",Movie,6.1,61159,,,,,,0.5608190219196714,6.05,latent-factor fit from your ratings and IMDb priors
450,tt4560436,Mile 22,2018,"Action, Thriller",Movie,6.1,91411,,,,,,0.5608190219196714,6.05,latent-factor fit from your ratings and IMDb priors
451,tt0293429,Mortal Kombat,2021,"Action, Adventure, Fantasy, Sci-Fi, Thriller",Movie,6.1,199417,,,,,,0.5608190219196714,6.05,latent-factor fit from your ratings and IMDb priors
452,tt4547194,I Kill Giants,2017,"Drama, Fantasy, Thriller",Movie,6.1,33668,,,,,,0.5608190219196714,6.05,latent-factor fit from your ratings and IMDb priors
453,tt8949056,"Yes, God, Yes",2019,"Comedy, Drama",Movie,6.1,19433,,,,,,0.5608190219196714,6.05,latent-factor fit from your ratings and IMDb priors
454,tt10648342,Thor: Love and Thunder,2022,"Action, Adventure, Comedy, Romance, Sci-Fi",Movie,6.1,442012,,,,,,0.5608190219196714,6.05,latent-factor fit from your ratings and IMDb priors
455,tt4881806,Jurassic World: Fallen Kingdom,2018,"Action, Adventure, Sci-Fi",Movie,6.1,369019,,,,,,0.5608190219196714,6.05,latent-factor fit from your ratings and IMDb priors
456,tt7713068,Birds of Prey and the Fantabulous Emancipation of One Harley Quinn,2020,"Action, Comedy, Crime",Movie,6.1,276657,,,,,,0.5608190219196714,6.05,latent-factor fit from your ratings and IMDb priors
457,tt26047818,Anyone But You,2023,"Comedy, Romance",Movie,6.1,153253,,,,,,0.5608190219196714,6.05,latent-factor fit from your ratings and IMDb priors
458,tt8385148,Hitman's Wife's Bodyguard,2021,"Action, Comedy, Crime, Romance, Thriller",Movie,6.1,116127,,,,,,0.5608190219196714,6.05,latent-factor fit from your ratings and IMDb priors
459,tt0859635,Super Troopers 2,2018,"Comedy, Crime, Mystery",Movie,6.0,29376,,,,,,0.5498037738372287,5.95,latent-factor fit from your ratings and IMDb priors
460,tt2674454,Churchill,2017,"Biography, Drama, History, War",Movie,6.0,16238,,,,,,0.5498037738372287,5.95,latent-factor fit from your ratings and IMDb priors
461,tt5090568,Transformers: Rise of the Beasts,2023,"Action, Adventure, Sci-Fi",Movie,6.0,125052,,,,,,0.5498037738372287,5.95,latent-factor fit from your ratings and IMDb priors
462,tt0974015,Justice League,2017,"Action, Adventure, Fantasy, Sci-Fi",Movie,6.0,495900,,,,,,0.5498037738372287,5.95,latent-factor fit from your ratings and IMDb priors
463,tt31036941,Jurassic World: Rebirth,2025,"Action, Adventure, Sci-Fi, Thriller",Movie,6.0,104842,,,,,,0.5498037738372287,5.95,latent-factor fit from your ratings and IMDb priors
464,tt3741700,Godzilla: King of the Monsters,2019,"Action, Adventure, Fantasy, Sci-Fi",Movie,6.0,222149,,,,,,0.5498037738372287,5.95,latent-factor fit from your ratings and IMDb priors
465,tt1086064,Bill & Ted Face the Music,2020,"Adventure, Comedy, Music, Sci-Fi",Movie,5.9,55487,,,,,,0.5387885257546865,5.85,latent-factor fit from your ratings and IMDb priors
466,tt19079130,El Turco,2025,"Action, Adventure, Drama, History",TV Series,5.9,1772,,,,,,0.5387885257546865,5.85,latent-factor fit from your ratings and IMDb priors
467,tt0076111,The Greatest,1977,"Biography, Drama, Sport",Movie,5.9,1722,,,,,,0.5387885257546865,5.85,latent-factor fit from your ratings and IMDb priors
468,tt1620981,The Addams Family,2019,"Animation, Comedy, Family, Fantasy, Horror",Movie,5.8,47599,,,,,,0.5277732776722526,5.75,latent-factor fit from your ratings and IMDb priors
469,tt5758778,Skyscraper,2018,"Action, Adventure, Thriller",Movie,5.8,141517,,,,,,0.5277732776722526,5.75,latent-factor fit from your ratings and IMDb priors
470,tt0499097,Without Remorse,2021,"Action, Drama, Thriller, War",Movie,5.8,68703,,,,,,0.5277732776722526,5.75,latent-factor fit from your ratings and IMDb priors
471,tt13157618,Secret Invasion,2023,"Action, Adventure, Mystery, Sci-Fi, Thriller",TV Mini Series,5.8,86644,,,,,,0.5277732776722526,5.75,latent-factor fit from your ratings and IMDb priors
472,tt30057084,Babygirl,2024,"Drama, Romance, Thriller",Movie,5.8,68130,,,,,,0.5277732776722526,5.75,latent-factor fit from your ratings and IMDb priors
473,tt1025100,Gemini Man,2019,"Action, Sci-Fi, Thriller",Movie,5.7,128530,,,,,,0.5167580295897847,5.65,latent-factor fit from your ratings and IMDb priors
474,tt4438848,Neighbors 2: Sorority Rising,2016,Comedy,Movie,5.7,134979,,,,,,0.5167580295897847,5.65,latent-factor fit from your ratings and IMDb priors
475,tt1634106,Bloodshot,2020,"Action, Adventure, Sci-Fi",Movie,5.7,89259,,,,,,0.5167580295897847,5.65,latent-factor fit from your ratings and IMDb priors
476,tt6565702,X-Men: Dark Phoenix,2019,"Action, Adventure, Sci-Fi",Movie,5.7,221096,,,,,,0.5167580295897847,5.65,latent-factor fit from your ratings and IMDb priors
477,tt10838180,The Matrix Resurrections,2021,"Action, Sci-Fi",Movie,5.6,295891,,,,,,0.5057427815073766,5.55,latent-factor fit from your ratings and IMDb priors
478,tt2557478,Pacific Rim: Uprising,2018,"Action, Adventure, Sci-Fi",Movie,5.6,133937,,,,,,0.5057427815073766,5.55,latent-factor fit from your ratings and IMDb priors
479,tt9663764,Aquaman and the Lost Kingdom,2023,"Action, Adventure, Fantasy, Sci-Fi",Movie,5.6,110212,,,,,,0.5057427815073766,5.55,latent-factor fit from your ratings and IMDb priors
480,tt6521876,Jay and Silent Bob Reboot,2019,"Action, Adventure, Comedy",Movie,5.6,29856,,,,,,0.5057427815073766,5.55,latent-factor fit from your ratings and IMDb priors
481,tt2283336,Men in Black: International,2019,"Action, Adventure, Comedy, Sci-Fi",Movie,5.6,156017,,,,,,0.5057427815073766,5.55,latent-factor fit from your ratings and IMDb priors
482,tt14513804,Captain America: Brave New World,2025,"Action, Adventure, Sci-Fi",Movie,5.6,158346,,,,,,0.5057427815073766,5.55,latent-factor fit from your ratings and IMDb priors
483,tt4280606,The Late Late Show with James Corden,2015,"Comedy, Talk-Show",TV Series,5.6,11270,,,,,,0.5057427815073766,5.55,latent-factor fit from your ratings and IMDb priors
484,tt6673612,Dolittle,2020,"Adventure, Comedy, Family, Fantasy",Movie,5.6,75767,,,,,,0.5057427815073766,5.55,latent-factor fit from your ratings and IMDb priors
485,tt14998742,Rebel Moon - Part One: A Child of Fire,2023,"Action, Adventure, Drama, Fantasy, Sci-Fi",Movie,5.6,136935,,,,,,0.5057427815073766,5.55,latent-factor fit from your ratings and IMDb priors
486,tt6654210,Infinite,2021,"Action, Sci-Fi, Thriller",Movie,5.5,67785,,,,,,0.49472753342484244,5.45,latent-factor fit from your ratings and IMDb priors
487,tt0805647,The Witches,2020,"Adventure, Comedy, Family, Fantasy, Horror, Mystery",Movie,5.4,49476,,,,,,0.483712285342396,5.35,latent-factor fit from your ratings and IMDb priors
488,tt4532826,Robin Hood,2018,"Action, Adventure, Drama, Thriller",Movie,5.4,84479,,,,,,0.483712285342396,5.35,latent-factor fit from your ratings and IMDb priors
489,tt0093175,Hello Again,1987,"Comedy, Drama, Fantasy, Romance",Movie,5.3,3930,,,,,,0.47269703725995565,5.25,latent-factor fit from your ratings and IMDb priors
490,tt7690670,SuperFly,2018,"Action, Crime, Thriller",Movie,5.3,7947,,,,,,0.47269703725995565,5.25,latent-factor fit from your ratings and IMDb priors
491,tt5607028,Fullmetal Alchemist,2017,"Action, Adventure, Fantasy, Sci-Fi",Movie,5.3,21528,,,,,,0.47269703725995565,5.25,latent-factor fit from your ratings and IMDb priors
492,tt2274648,Hellboy,2019,"Action, Adventure, Fantasy, Horror, Sci-Fi",Movie,5.3,105264,,,,,,0.47269703725995565,5.25,latent-factor fit from your ratings and IMDb priors
493,tt1361336,Tom & Jerry,2021,"Animation, Adventure, Comedy, Family, Fantasy",Movie,5.3,42042,,,,,,0.47269703725995565,5.25,latent-factor fit from your ratings and IMDb priors
494,tt7126948,Wonder Woman 1984,2020,"Action, Adventure, Fantasy",Movie,5.3,304955,,,,,,0.47269703725995565,5.25,latent-factor fit from your ratings and IMDb priors
495,tt6821012,The Week Of,2018,Comedy,Movie,5.2,26013,,,,,,0.46168178917743063,5.16,latent-factor fit from your ratings and IMDb priors
496,tt11315808,Joker: Folie  Deux,2024,"Drama, Musical, Thriller",Movie,5.2,169542,,,,,,0.46168178917743063,5.16,latent-factor fit from your ratings and IMDb priors
497,tt5433138,F9: The Fast Saga,2021,"Action, Crime, Thriller",Movie,5.2,174005,,,,,,0.46168178917743063,5.16,latent-factor fit from your ratings and IMDb priors
498,tt14961624,The Old Guard 2,2025,"Action, Adventure, Fantasy, Thriller",Movie,5.1,35751,,,,,,0.45066654109499815,5.06,latent-factor fit from your ratings and IMDb priors
499,tt5108870,Morbius,2022,"Action, Adventure, Horror, Sci-Fi, Thriller",Movie,5.1,166343,,,,,,0.45066654109499815,5.06,latent-factor fit from your ratings and IMDb priors
500,tt5033998,Charlie's Angels,2019,"Action, Adventure, Comedy",Movie,5.0,83514,,,,,,0.43965129301246975,4.96,latent-factor fit from your ratings and IMDb priors
501,tt4558376,Downhill,2020,"Comedy, Drama",Movie,4.9,14446,,,,,,0.42863604493005386,4.86,latent-factor fit from your ratings and IMDb priors
502,tt4199898,Playmobil: The Movie,2019,"Animation, Adventure, Comedy, Family, Fantasy, Musical",Movie,4.9,5059,,,,,,0.42863604493005386,4.86,latent-factor fit from your ratings and IMDb priors
503,tt1801552,Gotti,2018,"Biography, Crime, Drama",Movie,4.8,17998,,,,,,0.41762079684754855,4.76,latent-factor fit from your ratings and IMDb priors
504,tt3554046,Space Jam: A New Legacy,2021,"Animation, Adventure, Comedy, Family, Fantasy, Sci-Fi, Sport",Movie,4.5,84632,,,,,,0.3845750526001361,4.46,latent-factor fit from your ratings and IMDb priors
505,tt1620680,A Wrinkle in Time,2018,"Adventure, Drama, Family, Fantasy, Sci-Fi",Movie,4.3,49121,,,,,,0.3625445564351544,4.26,latent-factor fit from your ratings and IMDb priors
506,tt3089630,Artemis Fowl,2020,"Adventure, Family, Fantasy, Sci-Fi",Movie,4.3,31217,,,,,,0.3625445564351544,4.26,latent-factor fit from your ratings and IMDb priors
507,tt6547170,Reprisal,2018,"Action, Drama, Thriller",Movie,4.3,8484,,,,,,0.3625445564351544,4.26,latent-factor fit from your ratings and IMDb priors
508,tt16161330,Sex-Positive,2024,Comedy,Movie,4.1,823,,,,,,0.3405140602702457,4.06,latent-factor fit from your ratings and IMDb priors
509,tt11771594,American Pie Presents: Girls' Rules,2020,"Comedy, Romance",Video,3.9,12101,,,,,,0.3184835641053062,3.87,latent-factor fit from your ratings and IMDb priors
510,tt1255919,Holmes & Watson,2018,"Comedy, Crime, Mystery",Movie,3.9,41022,,,,,,0.3184835641053062,3.87,latent-factor fit from your ratings and IMDb priors
511,tt4743226,Air Strike,2018,"Action, Adventure, Drama, War",Movie,3.2,4999,,,,,,0.24137682752799763,3.17,latent-factor fit from your ratings and IMDb priors
512,tt6604188,Tron: Ares,2025,"Action, Adventure, Sci-Fi",Movie,,0,,,,,,0.026089573892063653,1.23,latent-factor fit from your ratings and IMDb priors
513,tt8509238,Legally Blonde 3,,Comedy,Movie,,0,,,,,,0.0,,latent-factor fit from your ratings and IMDb priors
514,tt4712810,Now You See Me: Now You Don't,2025,"Crime, Thriller",Movie,,0,,,,,,0.0,,latent-factor fit from your ratings and IMDb priors
515,tt31888477,Downton Abbey: The Grand Finale,2025,nan,Movie,,0,,,,,,0.0,,latent-factor fit from your ratings and IMDb priors
516,tt1757678,Avatar: Fire and Ash,2025,"Action, Adventure, Fantasy, Sci-Fi, Thriller",Movie,,0,,,,,,0.0,,latent-factor fit from your ratings and IMDb priors
517,tt2321555,The Cat in the Hat,2026,"Animation, Adventure, Comedy, Family, Fantasy",Movie,,0,,,,,,0.0,,latent-factor fit from your ratings and IMDb priors
518,tt12042730,Project Hail Mary,2026,Sci-Fi,Movie,,0,,,,,,0.0,,latent-factor fit from your ratings and IMDb priors
519,tt33612209,The Devil Wears Prada 2,2026,nan,Movie,,0,,,,,,0.0,,latent-factor fit from your ratings and IMDb priors
520,tt30825738,Star Wars: The Mandalorian and Grogu,2026,"Action, Adventure, Fantasy, Sci-Fi",Movie,,0,,,,,,0.0,,latent-factor fit from your ratings and IMDb priors
521,tt29355505,Toy Story 5,2026,"Animation, Adventure, Comedy, Drama, Family, Fantasy",Movie,,0,,,,,,0.0,,latent-factor fit from your ratings and IMDb priors
522,tt27419466,Moana,2026,"Action, Adventure, Comedy, Family, Fantasy, Musical",Movie,,0,,,,,,0.0,,latent-factor fit from your ratings and IMDb priors
