rank,imdb_const,title,year,genres,title_type,imdb_rating,user_rating,svd_score_raw,svd_predicted_rating,num_votes,runtime_minutes,rating_difference,abs_difference,prediction_quality
1,tt0451279,Wonder Woman,2017,"Action, Adventure, Fantasy, Sci-Fi, War",Movie,7.3,10,0.9998843887600057,10.0,724718,,0.0,0.0,excellent_match
2,tt0317705,The Incredibles,2004,"Animation, Action, Adventure, Family",Movie,8.0,9,0.8888441579109254,9.0,867292,,0.0,0.0,excellent_match
3,tt0242653,The Matrix Revolutions,2003,"Action, Sci-Fi",Movie,6.7,9,0.8887902314218056,9.0,564561,,0.0,0.0,excellent_match
4,tt0234215,The Matrix Reloaded,2003,"Action, Sci-Fi",Movie,7.2,9,0.8888109723791595,9.0,656700,,0.0,0.0,excellent_match
5,tt0948470,The Amazing Spider-Man,2012,"Action, Sci-Fi",Movie,6.9,6,0.5555907232366217,6.0,741502,,0.0,0.0,excellent_match
6,tt0319343,Elf,2003,"Family, Fantasy, Romance, Adventure, Comedy",Movie,7.1,7,0.6666682878089384,7.0,331651,,0.0,0.0,excellent_match
7,tt0145487,Spider-Man,2002,"Adventure, Sci-Fi, Action",Movie,7.4,6,0.5556114641939758,6.0,934602,,0.0,0.0,excellent_match
8,tt1872181,The Amazing Spider-Man 2,2014,"Action, Adventure, Sci-Fi",Movie,6.6,6,0.5555782786622097,6.0,570447,,0.0,0.0,excellent_match
9,tt0838283,Step Brothers,2008,Comedy,Movie,6.9,9,0.8887985278047468,9.0,333510,,0.0,0.0,excellent_match
10,tt0383126,MythBusters,2003,"Documentary, Reality-TV, Mystery",TV Series,8.3,9,0.8888566024853376,9.0,56116,,0.0,0.0,excellent_match
11,tt0165598,That '70s Show,1998,"Romance, Drama, Comedy",TV Series,8.1,9,0.8888483061023966,9.0,195678,,0.0,0.0,excellent_match
12,tt8740790,Bridgerton,2020,"Drama, Romance",TV Series,7.4,8,0.7777500005727259,8.0,207855,,0.0,0.0,excellent_match
13,tt0325980,Pirates of the Caribbean: The Curse of the Black Pearl,2003,"Fantasy, Action, Adventure",Movie,8.1,7,0.6667097697236456,7.0,1281333,,0.0,0.0,excellent_match
14,tt0458525,X-Men Origins: Wolverine,2009,"Action, Sci-Fi",Movie,6.5,7,0.6666433986601139,7.0,558532,,0.0,0.0,excellent_match
15,tt0770828,Man of Steel,2013,"Action, Adventure, Sci-Fi",Movie,7.1,6,0.5555990196195636,6.0,849586,,0.0,0.0,excellent_match
16,tt0316654,Spider-Man 2,2004,"Sci-Fi, Adventure, Action",Movie,7.5,5,0.4445463441960713,5.0,757418,,0.0,0.0,excellent_match
17,tt0903624,The Hobbit: An Unexpected Journey,2012,"Fantasy, Adventure",Movie,7.8,6,0.5556280569598584,6.0,908772,,0.0,0.0,excellent_match
18,tt2310332,The Hobbit: The Battle of the Five Armies,2014,"Adventure, Fantasy",Movie,7.4,3,0.22240365962585015,3.0,602293,,0.0,0.0,excellent_match
19,tt0383574,Pirates of the Caribbean: Dead Man's Chest,2006,"Adventure, Fantasy, Action",Movie,7.4,6,0.5556114641939758,6.0,804864,,0.0,0.0,excellent_match
20,tt1270798,X-Men: First Class,2011,"Action, Sci-Fi",Movie,7.7,6,0.5556239087683879,6.0,751644,,0.0,0.0,excellent_match
21,tt1877832,X-Men: Days of Future Past,2014,"Action, Sci-Fi, Thriller, Adventure",Movie,7.9,6,0.5556322051513295,6.0,775236,,0.0,0.0,excellent_match
22,tt5118314,Star Wars: Episode III - The Return of Darth Vader,2004,"Documentary, Short, Sci-Fi",Video,7.6,8,0.7777582969556671,8.0,29671,,0.0,0.0,excellent_match
23,tt0988045,Sherlock Holmes,2009,"Adventure, Mystery, Action",Movie,7.5,8,0.7777541487641967,8.0,694436,,0.0,0.0,excellent_match
24,tt3731562,Kong: Skull Island,2017,"Action, Adventure, Fantasy, Sci-Fi",Movie,6.7,3,0.22237462228555482,3.0,366059,,0.0,0.0,excellent_match
25,tt0415306,Talladega Nights: The Ballad of Ricky Bobby,2006,"Comedy, Sport",Movie,6.6,6,0.5555782786622097,6.0,208991,,0.0,0.0,excellent_match
26,tt0187078,Gone in 60 Seconds,2000,"Thriller, Crime, Action",Movie,6.5,9,0.8887819350388642,9.0,304797,,0.0,0.0,excellent_match
27,tt0441773,Kung Fu Panda,2008,"Animation, Comedy, Action, Adventure, Family, Fantasy",Movie,7.6,10,0.9998968333344176,10.0,558048,,0.0,0.0,excellent_match
28,tt0137494,Entrapment,1999,"Crime, Romance, Action, Thriller",Movie,6.3,9,0.8887736386559225,9.0,127781,,0.0,0.0,excellent_match
29,tt0408306,Munich,2005,"Drama, Thriller, History",Movie,7.5,9,0.8888234169535715,9.0,248724,,0.0,0.0,excellent_match
30,tt6015100,Vikings Season 3: Heavy Is the Head -the Politics of King Ragnar's Rule,2015,"Documentary, Short",Video,9.0,10,0.9999549080150081,10.0,8098,,0.0,0.0,excellent_match
31,tt1439629,Community,2009,Comedy,TV Series,8.5,10,0.9999341670576547,10.0,305486,,0.0,0.0,excellent_match
32,tt1170358,The Hobbit: The Desolation of Smaug,2013,"Fantasy, Adventure",Movie,7.8,4,0.33348952058110837,4.0,737113,,0.0,0.0,excellent_match
33,tt1231587,Hot Tub Time Machine,2010,"Comedy, Sci-Fi",Movie,6.4,10,0.9998470550367684,10.0,193607,,0.0,0.0,excellent_match
34,tt0104431,Home Alone 2: Lost in New York,1992,"Adventure, Crime, Comedy, Family",Movie,6.9,5,0.4445214550472467,5.0,433387,,0.0,0.0,excellent_match
35,tt5180504,The Witcher,2019,"Adventure, Fantasy, Mystery, Action, Drama",TV Series,7.9,10,0.99990927790883,10.0,599397,,0.0,0.0,excellent_match
36,tt2334879,White House Down,2013,"Action, Drama, Thriller",Movie,6.3,8,0.7777043704665476,8.0,245073,,0.0,0.0,excellent_match
37,tt6924650,Midway,2019,"Action, Drama, History, War",Movie,6.7,10,0.999859499611181,10.0,101853,,0.0,0.0,excellent_match
38,tt0417741,Harry Potter and the Half-Blood Prince,2009,"Action, Fantasy, Mystery, Family, Adventure",Movie,7.6,8,0.7777582969556671,8.0,635486,,0.0,0.0,excellent_match
39,tt0382932,Ratatouille,2007,"Animation, Comedy, Family, Fantasy, Adventure",Movie,8.1,8,0.7777790379130209,8.0,900913,,0.0,0.0,excellent_match
40,tt0114709,Toy Story,1995,"Animation, Adventure, Comedy, Family, Fantasy",Movie,8.3,9,0.8888566024853376,9.0,1135684,,0.0,0.0,excellent_match
41,tt0107290,Jurassic Park,1993,"Thriller, Action, Sci-Fi, Adventure",Movie,8.2,8,0.7777831861044918,8.0,1138936,,0.0,0.0,excellent_match
42,tt0082971,Raiders of the Lost Ark,1981,"Adventure, Action",Movie,8.4,8,0.7777914824874337,8.0,1084097,,0.0,0.0,excellent_match
43,tt0097576,Indiana Jones and the Last Crusade,1989,"Adventure, Action",Movie,8.2,8,0.7777831861044918,8.0,845589,,0.0,0.0,excellent_match
44,tt4620502,Vikings: The Viking Sagas,2014,Short,Video,8.7,10,0.9999424634405961,10.0,21783,,0.0,0.0,excellent_match
45,tt0240772,Ocean's Eleven,2001,"Thriller, Crime",Movie,7.7,8,0.7777624451471382,8.0,654044,,0.0,0.0,excellent_match
46,tt0330373,Harry Potter and the Goblet of Fire,2005,"Mystery, Family, Adventure, Fantasy",Movie,7.7,8,0.7777624451471382,8.0,725956,,0.0,0.0,excellent_match
47,tt0304141,Harry Potter and the Prisoner of Azkaban,2004,"Mystery, Family, Adventure, Fantasy",Movie,7.9,8,0.7777707415300797,8.0,738160,,0.0,0.0,excellent_match
48,tt0099810,The Hunt for Red October,1990,"Action, Thriller, Adventure",Movie,7.5,10,0.9998926851429472,10.0,224910,,0.0,0.0,excellent_match
49,tt1392170,The Hunger Games,2012,"Adventure, Sci-Fi, Thriller, Action",Movie,7.2,8,0.7777417041897845,8.0,1053080,,0.0,0.0,excellent_match
50,tt0338348,The Polar Express,2004,"Animation, Musical, Adventure, Family, Fantasy",Movie,6.6,7,0.6666475468515848,7.0,259366,,0.0,0.0,excellent_match
51,tt0311113,Master and Commander: The Far Side of the World,2003,"War, Drama, Adventure, Action",Movie,7.5,8,0.7777541487641967,8.0,248802,,0.0,0.0,excellent_match
52,tt4330758,Black Hawk Down,1997,Documentary,Movie,7.9,10,0.99990927790883,10.0,34691,,0.0,0.0,excellent_match
53,tt8924990,Star Wars: Episode V - The Empire Strikes Back: Deleted Scenes,2011,"Short, Action, Drama, Sci-Fi",Video,8.8,10,0.9999466116320664,10.0,30637,,0.0,0.0,excellent_match
54,tt13668894,The Book of Boba Fett,2021,"Action, Adventure, Sci-Fi",TV Mini Series,7.1,10,0.9998760923770639,10.0,202743,,0.0,0.0,excellent_match
55,tt9140554,Loki,2021,"Fantasy, Sci-Fi, Action, Adventure",TV Series,8.2,10,0.9999217224832423,10.0,453218,,0.0,0.0,excellent_match
56,tt2250912,Spider-Man: Homecoming,2017,"Action, Sci-Fi, Adventure",Movie,7.4,6,0.5556114641939758,6.0,768319,,0.0,0.0,excellent_match
57,tt7660850,Succession,2018,"Drama, Comedy",TV Series,8.8,5,0.44460027068519103,5.0,326469,,0.0,0.0,excellent_match
58,tt4561226,The Hobbit: The Battle of Five Armies - New Zealand: Home of Middle-Earth - Part 3,2015,"Documentary, Short",Video,7.6,6,0.5556197605769171,6.0,39397,,0.0,0.0,excellent_match
59,tt0097958,National Lampoon's Christmas Vacation,1989,Comedy,Movie,7.5,7,0.6666848805748216,7.0,236025,,0.0,0.0,excellent_match
60,tt0241527,Harry Potter and the Sorcerer's Stone,2001,"Family, Adventure, Fantasy",Movie,7.7,8,0.7777624451471382,8.0,914501,,0.0,0.0,excellent_match
61,tt0099785,Home Alone,1990,"Comedy, Family",Movie,7.7,6,0.5556239087683879,6.0,703467,,0.0,0.0,excellent_match
62,tt0314331,Love Actually,2003,"Drama, Romance, Comedy",Movie,7.5,7,0.6666848805748216,7.0,561466,,0.0,0.0,excellent_match
63,tt0413300,Spider-Man 3,2007,"Action, Sci-Fi, Adventure",Movie,6.3,5,0.44449656589842207,5.0,677728,,0.0,0.0,excellent_match
64,tt0332379,School of Rock,2003,"Music, Comedy",Movie,7.2,10,0.9998802405685344,10.0,348288,,0.0,0.0,excellent_match
65,tt0903747,Breaking Bad,2008,"Drama, Crime, Thriller",TV Series,9.5,10,0.9999756489723622,10.0,2378510,,0.0,0.0,excellent_match
66,tt1201607,Harry Potter and the Deathly Hallows: Part 2,2011,"Adventure, Mystery, Fantasy, Family",Movie,8.1,9,0.8888483061023966,9.0,1009640,,0.0,0.0,excellent_match
67,tt0367882,Indiana Jones and the Kingdom of the Crystal Skull,2008,"Action, Adventure",Movie,6.2,4,0.3334231495175763,4.0,506079,,0.0,0.0,excellent_match
68,tt2306299,Vikings,2013,"Action, Drama, History, War, Romance, Adventure",TV Series,8.5,10,0.9999341670576547,10.0,623104,,0.0,0.0,excellent_match
69,tt3228774,Cruella,2021,"Comedy, Crime, Drama, Adventure",Movie,7.3,10,0.9998843887600057,10.0,285136,,0.0,0.0,excellent_match
70,tt3530232,Last Week Tonight with John Oliver,2014,"News, Talk-Show, Comedy",TV Series,8.8,10,0.9999466116320664,10.0,100917,,0.0,0.0,excellent_match
71,tt7221388,Cobra Kai,2018,"Action, Drama, Comedy, Sport",TV Series,8.4,10,0.9999300188661842,10.0,234542,,0.0,0.0,excellent_match
72,tt0167404,The Sixth Sense,1999,"Mystery, Drama, Thriller",Movie,8.2,4,0.3335061133469916,4.0,1110239,,0.0,0.0,excellent_match
73,tt0369339,Collateral,2004,"Crime, Thriller, Action, Drama",Movie,7.5,8,0.7777541487641967,8.0,454885,,0.0,0.0,excellent_match
74,tt0317740,The Italian Job,2003,"Thriller, Crime, Action",Movie,7.0,9,0.8888026759962181,9.0,401154,,0.0,0.0,excellent_match
75,tt0213149,Pearl Harbor,2001,"Drama, Romance, War, Action",Movie,6.3,4,0.3334272977090469,4.0,363404,,0.0,0.0,excellent_match
76,tt0120660,Enemy of the State,1998,"Action, Thriller",Movie,7.3,8,0.7777458523812548,8.0,269815,,0.0,0.0,excellent_match
77,tt0353049,Chappelle's Show,2003,"Music, Comedy",TV Series,8.8,10,0.9999466116320664,10.0,76792,,0.0,0.0,excellent_match
78,tt3830558,Versailles,2015,"Drama, Biography, History, Romance, War",TV Series,7.9,8,0.7777707415300797,8.0,19904,,0.0,0.0,excellent_match
79,tt5541338,Six,2017,"Drama, History, War, Action",TV Series,7.3,8,0.7777458523812548,8.0,14571,,0.0,0.0,excellent_match
80,tt6040674,Waco,2018,"Drama, Crime, Thriller, History",TV Mini Series,7.8,8,0.7777665933386086,8.0,27635,,0.0,0.0,excellent_match
81,tt0472027,John Adams,2008,"Drama, Biography, History",TV Mini Series,8.4,10,0.9999300188661842,10.0,38844,,0.0,0.0,excellent_match
82,tt0258463,The Bourne Identity,2002,"Mystery, Thriller, Action",Movie,7.8,10,0.9999051297173591,10.0,599002,,0.0,0.0,excellent_match
83,tt1826940,New Girl,2011,"Comedy, Romance",TV Series,7.8,9,0.8888358615279839,9.0,257620,,0.0,0.0,excellent_match
84,tt1424432,Senna,2010,"Documentary, Biography, Sport",Movie,8.5,10,0.9999341670576547,10.0,82061,,0.0,0.0,excellent_match
85,tt11569640,Dave Chappelle: The Kennedy Center Mark Twain Prize for American Humor,2020,Comedy,TV Special,7.4,8,0.7777500005727259,8.0,2523,,0.0,0.0,excellent_match
86,tt0120570,From the Earth to the Moon,1998,"History, Drama, Thriller, Action",TV Mini Series,8.5,10,0.9999341670576547,10.0,14182,,0.0,0.0,excellent_match
87,tt0822854,Shooter,2007,"Action, Thriller, Drama",Movie,7.1,7,0.6666682878089384,7.0,369356,,0.0,0.0,excellent_match
88,tt0302886,Old School,2003,Comedy,Movie,7.0,9,0.8888026759962181,9.0,252577,,0.0,0.0,excellent_match
89,tt1210166,Moneyball,2011,"Drama, Sport, Biography",Movie,7.6,9,0.8888275651450426,9.0,493011,,0.0,0.0,excellent_match
90,tt0412142,House,2004,Drama,TV Series,8.7,9,0.8888731952512204,9.0,568844,,0.0,0.0,excellent_match
91,tt2406566,Atomic Blonde,2017,"Thriller, Action",Movie,6.7,8,0.7777209632324306,8.0,215766,,0.0,0.0,excellent_match
92,tt0266987,Spy Game,2001,"Crime, Thriller, Action",Movie,7.1,9,0.8888068241876886,9.0,173355,,0.0,0.0,excellent_match
93,tt7806998,Dave Chappelle: Equanimity,2017,Comedy,TV Special,8.1,10,0.999917574291771,10.0,14001,,0.0,0.0,excellent_match
94,tt7807000,Dave Chappelle: The Bird Revelation,2017,Comedy,TV Special,7.8,10,0.9999051297173591,10.0,11191,,0.0,0.0,excellent_match
95,tt1870479,The Newsroom,2012,Drama,TV Series,8.6,9,0.8888690470597501,9.0,131542,,0.0,0.0,excellent_match
96,tt0165961,Sports Night,1998,"Sport, Drama, Comedy",TV Series,8.3,10,0.9999258706747133,10.0,8938,,0.0,0.0,excellent_match
97,tt0440963,The Bourne Ultimatum,2007,"Action, Thriller, Mystery",Movie,8.0,10,0.9999134261003005,10.0,674211,,0.0,0.0,excellent_match
98,tt0200276,The West Wing,1999,Drama,TV Series,8.9,10,0.9999507598235378,10.0,93228,,0.0,0.0,excellent_match
99,tt5788792,The Marvelous Mrs. Maisel,2017,"Comedy, Drama",TV Series,8.7,9,0.8888731952512204,9.0,152973,,0.0,0.0,excellent_match
100,tt7423322,The Right Stuff,2020,"Drama, History",TV Series,6.8,9,0.8887943796132762,9.0,4377,,0.0,0.0,excellent_match
101,tt1606375,Downton Abbey,2010,"Drama, Romance",TV Series,8.7,10,0.9999424634405961,10.0,237173,,0.0,0.0,excellent_match
102,tt8420184,The Last Dance,2020,"Documentary, Biography, History, Sport",TV Mini Series,9.0,10,0.9999549080150081,10.0,169906,,0.0,0.0,excellent_match
103,tt0816711,World War Z,2013,"Action, Adventure, Horror, Sci-Fi",Movie,7.0,3,0.22238706685996712,3.0,761089,,0.0,0.0,excellent_match
104,tt0362359,The O.C.,2003,"Drama, Romance, Comedy",TV Series,7.6,8,0.7777582969556671,8.0,100949,,0.0,0.0,excellent_match
105,tt8503618,Hamilton,2020,"Musical, Drama, Biography, History",Movie,8.3,9,0.8888566024853376,9.0,131111,,0.0,0.0,excellent_match
106,tt2395695,Cosmos: A Spacetime Odyssey,2014,Documentary,TV Mini Series,9.2,10,0.9999632043979498,10.0,135332,,0.0,0.0,excellent_match
107,tt0866442,Eastbound & Down,2009,"Comedy, Sport, Drama",TV Series,8.2,10,0.9999217224832423,10.0,68057,,0.0,0.0,excellent_match
108,tt1797404,House of Lies,2012,"Comedy, Drama",TV Series,7.4,9,0.8888192687621009,9.0,27097,,0.0,0.0,excellent_match
109,tt14544192,Bo Burnham: Inside,2021,"Documentary, Comedy, Drama, Music",TV Special,8.6,10,0.9999383152491248,10.0,57895,,0.0,0.0,excellent_match
110,tt1494191,The Untold History of the United States,2012,"Documentary, History, War",TV Mini Series,8.6,9,0.8888690470597501,9.0,9992,,0.0,0.0,excellent_match
111,tt8289930,Formula 1: Drive to Survive,2019,"Documentary, Sport",TV Series,8.5,9,0.8888648988682792,9.0,57564,,0.0,0.0,excellent_match
112,tt1628033,Top Gear,2002,"Talk-Show, Adventure, Sport, Comedy",TV Series,8.7,9,0.8888731952512204,9.0,133571,,0.0,0.0,excellent_match
113,tt1674771,Entourage,2015,"Comedy, Drama",Movie,6.5,10,0.9998512032282392,10.0,84752,,0.0,0.0,excellent_match
114,tt1194173,The Bourne Legacy,2012,"Action, Adventure, Thriller",Movie,6.6,9,0.888786083230335,9.0,323429,,0.0,0.0,excellent_match
115,tt7772588,For All Mankind,2019,"Sci-Fi, Drama",TV Series,8.1,9,0.8888483061023966,9.0,81110,,0.0,0.0,excellent_match
116,tt0093779,The Princess Bride,1987,"Family, Comedy, Romance, Adventure, Fantasy",Movie,8.0,10,0.9999134261003005,10.0,471852,,0.0,0.0,excellent_match
117,tt1979320,Rush,2013,"Biography, Sport, Drama",Movie,8.1,10,0.999917574291771,10.0,542348,,0.0,0.0,excellent_match
118,tt8403664,The English Game,2020,"Sport, Drama, History",TV Mini Series,7.6,9,0.8888275651450426,9.0,18196,,0.0,0.0,excellent_match
119,tt0087538,The Karate Kid,1984,"Drama, Sport, Family, Action",Movie,7.3,8,0.7777458523812548,8.0,263480,,0.0,0.0,excellent_match
120,tt9140560,WandaVision,2021,"Action, Sci-Fi, Fantasy, Comedy, Mystery",TV Mini Series,7.9,8,0.7777707415300797,8.0,402444,,0.0,0.0,excellent_match
121,tt0387199,Entourage,2004,"Comedy, Drama",TV Series,8.4,10,0.9999300188661842,10.0,181134,,0.0,0.0,excellent_match
122,tt6394270,Bombshell,2019,"Biography, Drama",Movie,6.8,8,0.7777251114239014,8.0,133030,,0.0,0.0,excellent_match
123,tt7556122,The Old Guard,2020,"Action, Thriller",Movie,6.7,8,0.7777209632324306,8.0,204643,,0.0,0.0,excellent_match
124,tt10986410,Ted Lasso,2020,"Comedy, Drama, Sport",TV Series,8.8,10,0.9999466116320664,10.0,412255,,0.0,0.0,excellent_match
125,tt10048342,The Queen's Gambit,2020,Drama,TV Mini Series,8.5,9,0.8888648988682792,9.0,628840,,0.0,0.0,excellent_match
126,tt0117500,The Rock,1996,"Adventure, Thriller, Action",Movie,7.4,9,0.8888192687621009,9.0,372505,,0.0,0.0,excellent_match
127,tt0936501,Taken,2008,"Action, Thriller, Crime",Movie,7.7,9,0.8888317133365131,9.0,659800,,0.0,0.0,excellent_match
128,tt0790724,Jack Reacher,2012,"Action, Thriller",Movie,7.0,7,0.6666641396174676,7.0,382498,,0.0,0.0,excellent_match
129,tt8134470,The Undoing,2020,"Drama, Thriller, Crime, Mystery",TV Mini Series,7.4,8,0.7777500005727259,8.0,113767,,0.0,0.0,excellent_match
130,tt0904208,Californication,2007,"Comedy, Drama",TV Series,8.3,9,0.8888566024853376,9.0,192844,,0.0,0.0,excellent_match
131,tt0944835,Salt,2010,"Thriller, Action",Movie,6.5,8,0.7777126668494891,8.0,338941,,0.0,0.0,excellent_match
132,tt2873282,Red Sparrow,2018,"Thriller, Drama, Action",Movie,6.6,8,0.7777168150409598,8.0,213468,,0.0,0.0,excellent_match
133,tt0381061,Casino Royale,2006,"Thriller, Action, Adventure",Movie,8.0,8,0.7777748897215503,8.0,723691,,0.0,0.0,excellent_match
134,tt4196776,Jason Bourne,2016,"Action, Thriller",Movie,6.6,9,0.888786083230335,9.0,251850,,0.0,0.0,excellent_match
135,tt0454876,Life of Pi,2012,"Drama, Adventure, Fantasy",Movie,7.9,8,0.7777707415300797,8.0,689049,,0.0,0.0,excellent_match
136,tt2294629,Frozen,2013,"Animation, Musical, Family, Fantasy, Adventure, Comedy",Movie,7.4,7,0.6666807323833509,7.0,694674,,0.0,0.0,excellent_match
137,tt2103281,Dawn of the Planet of the Apes,2014,"Action, Adventure, Drama, Sci-Fi, Thriller",Movie,7.6,7,0.6666890287662923,7.0,503060,,0.0,0.0,excellent_match
138,tt2302755,Olympus Has Fallen,2013,"Action, Thriller",Movie,6.5,8,0.7777126668494891,8.0,301820,,0.0,0.0,excellent_match
139,tt0800080,The Incredible Hulk,2008,"Action, Sci-Fi, Adventure",Movie,6.6,5,0.4445090104728343,5.0,550435,,0.0,0.0,excellent_match
140,tt0106918,The Firm,1993,"Thriller, Mystery, Drama",Movie,6.9,9,0.8887985278047468,9.0,156570,,0.0,0.0,excellent_match
141,tt2788316,Shōgun,2024,"Drama, History, Adventure, War, Action",TV Series,8.6,10,0.9999383152491248,10.0,225181,,0.0,0.0,excellent_match
142,tt3532216,American Made,2017,"Crime, Action, Comedy, Drama, Thriller",Movie,7.1,10,0.9998760923770639,10.0,224133,,0.0,0.0,excellent_match
143,tt0293662,The Transporter,2002,"Crime, Thriller, Action",Movie,6.8,9,0.8887943796132762,9.0,332632,,0.0,0.0,excellent_match
144,tt1013743,Knight and Day,2010,"Comedy, Action, Adventure",Movie,6.3,8,0.7777043704665476,8.0,220251,,0.0,0.0,excellent_match
145,tt1385826,The Adjustment Bureau,2011,"Romance, Thriller, Sci-Fi, Crime, Mystery, Drama",Movie,7.0,7,0.6666641396174676,7.0,278425,,0.0,0.0,excellent_match
146,tt0465538,Michael Clayton,2007,"Drama, Thriller, Crime, Mystery",Movie,7.2,7,0.6666724360004093,7.0,180412,,0.0,0.0,excellent_match
147,tt1245492,This Is the End,2013,"Comedy, Fantasy",Movie,6.6,5,0.4445090104728343,5.0,447433,,0.0,0.0,excellent_match
148,tt16419074,Air,2023,"Drama, Sport",Movie,7.4,8,0.7777500005727259,8.0,186699,,0.0,0.0,excellent_match
149,tt0453562,42,2013,"Drama, Sport, Biography",Movie,7.5,7,0.6666848805748216,7.0,106635,,0.0,0.0,excellent_match
150,tt0061512,Cool Hand Luke,1967,"Crime, Drama",Movie,8.0,6,0.5556363533428,6.0,195102,,0.0,0.0,excellent_match
151,tt1950186,Ford v Ferrari,2019,"Action, Drama, Biography, Sport",Movie,8.1,9,0.8888483061023966,9.0,537465,,0.0,0.0,excellent_match
152,tt1489889,Central Intelligence,2016,"Comedy, Crime, Action",Movie,6.3,8,0.7777043704665476,8.0,229526,,0.0,0.0,excellent_match
153,tt2245084,Big Hero 6,2014,"Animation, Action, Family, Sci-Fi, Adventure, Comedy, Crime",Movie,7.8,7,0.666697325149234,7.0,535779,,0.0,0.0,excellent_match
154,tt0368008,The Manchurian Candidate,2004,"Thriller, Mystery, Drama, Sci-Fi",Movie,6.6,7,0.6666475468515848,7.0,121114,,0.0,0.0,excellent_match
155,tt0350258,Ray,2004,"Music, Biography, Drama",Movie,7.7,7,0.666693176957763,7.0,162373,,0.0,0.0,excellent_match
156,tt13622776,Ahsoka,2023,"Action, Adventure, Fantasy, Sci-Fi",TV Series,7.4,8,0.7777500005727259,8.0,134280,,0.0,0.0,excellent_match
157,tt6718170,The Super Mario Bros. Movie,2023,"Animation, Adventure, Family, Comedy, Fantasy",Movie,7.0,9,0.8888026759962181,9.0,274530,,0.0,0.0,excellent_match
158,tt15398776,Oppenheimer,2023,"Biography, Drama, History",Movie,8.3,8,0.7777873342959628,8.0,925082,,0.0,0.0,excellent_match
159,tt0108002,Rudy,1993,"Sport, Biography, Drama",Movie,7.5,8,0.7777541487641967,8.0,72380,,0.0,0.0,excellent_match
160,tt0117060,Mission: Impossible,1996,"Thriller, Adventure, Action",Movie,7.2,7,0.6666724360004093,7.0,503945,,0.0,0.0,excellent_match
161,tt7161894,"As Above, So Below: The Underworld of 'John Wick'",2017,"Documentary, Short",Video,7.7,8,0.7777624451471382,8.0,39739,,0.0,0.0,excellent_match
162,tt0210945,Remember the Titans,2000,"Sport, Biography, Comedy, Drama",Movie,7.8,10,0.9999051297173591,10.0,242577,,0.0,0.0,excellent_match
163,tt0878804,The Blind Side,2009,"Drama, Sport, Biography",Movie,7.6,9,0.8888275651450426,9.0,377929,,0.0,0.0,excellent_match
164,tt0393162,Coach Carter,2005,"Drama, Sport, Biography",Movie,7.3,7,0.6666765841918798,7.0,183297,,0.0,0.0,excellent_match
165,tt0349825,Miracle,2004,"Sport, History, Biography, Drama",Movie,7.5,10,0.9998926851429472,10.0,61851,,0.0,0.0,excellent_match
166,tt0388980,The Greatest Game Ever Played,2005,"Drama, Sport, Biography",Movie,7.4,8,0.7777500005727259,8.0,35201,,0.0,0.0,excellent_match
167,tt0104868,The Mighty Ducks,1992,"Sport, Drama, Comedy, Family",Movie,6.6,9,0.888786083230335,9.0,74844,,0.0,0.0,excellent_match
168,tt0116695,Jerry Maguire,1996,"Sport, Romance, Drama, Comedy",Movie,7.3,9,0.8888151205706301,9.0,301896,,0.0,0.0,excellent_match
169,tt0094226,The Untouchables,1987,"Thriller, Drama, Crime",Movie,7.8,8,0.7777665933386086,8.0,346393,,0.0,0.0,excellent_match
170,tt0091217,Hoosiers,1986,"Sport, Drama",Movie,7.4,8,0.7777500005727259,8.0,55363,,0.0,0.0,excellent_match
171,tt1636826,Project X,2012,Comedy,Movie,6.7,10,0.999859499611181,10.0,249030,,0.0,0.0,excellent_match
172,tt0425112,Hot Fuzz,2007,"Comedy, Action, Mystery, Thriller",Movie,7.8,9,0.8888358615279839,9.0,555880,,0.0,0.0,excellent_match
173,tt0783233,Atonement,2007,"Drama, Romance, Mystery, War",Movie,7.8,5,0.4445587887704835,5.0,318060,,0.0,0.0,excellent_match
174,tt0206634,Children of Men,2006,"Thriller, Drama, Sci-Fi",Movie,7.9,8,0.7777707415300797,8.0,552475,,0.0,0.0,excellent_match
175,tt0310793,Bowling for Columbine,2002,"Documentary, Crime, Drama",Movie,8.0,9,0.8888441579109254,9.0,151196,,0.0,0.0,excellent_match
176,tt0319061,Big Fish,2003,"Fantasy, Adventure, Romance, Drama",Movie,8.0,5,0.4445670851534249,5.0,471799,,0.0,0.0,excellent_match
177,tt0208092,Snatch,2000,"Comedy, Crime",Movie,8.2,7,0.6667139179151171,7.0,953973,,0.0,0.0,excellent_match
178,tt0435761,Toy Story 3,2010,"Animation, Adventure, Comedy, Family, Fantasy",Movie,8.3,8,0.7777873342959628,8.0,941533,,0.0,0.0,excellent_match
179,tt0172156,Bad Boys II,2003,"Crime, Thriller, Comedy, Action",Movie,6.6,9,0.888786083230335,9.0,282863,,0.0,0.0,excellent_match
180,tt0443453,Borat,2006,Comedy,Movie,7.4,8,0.7777500005727259,8.0,464636,,0.0,0.0,excellent_match
181,tt1119646,The Hangover,2009,Comedy,Movie,7.7,7,0.666693176957763,7.0,898280,,0.0,0.0,excellent_match
182,tt2802144,Kingsman: The Secret Service,2014,"Adventure, Action, Comedy, Thriller",Movie,7.7,7,0.666693176957763,7.0,759455,,0.0,0.0,excellent_match
183,tt1049413,Up,2009,"Animation, Family, Adventure, Comedy, Drama",Movie,8.3,5,0.44457952972783704,5.0,1196347,,0.0,0.0,excellent_match
184,tt0129167,The Iron Giant,1999,"Animation, Adventure, Action, Comedy, Drama, Sci-Fi, Family",Movie,8.1,10,0.999917574291771,10.0,249134,,0.0,0.0,excellent_match
185,tt6398184,Downton Abbey,2019,"Drama, Romance",Movie,7.4,10,0.9998885369514766,10.0,67641,,0.0,0.0,excellent_match
186,tt1160419,Dune: Part One,2021,"Sci-Fi, Adventure, Drama, Action",Movie,8.0,9,0.8888441579109254,9.0,971856,,0.0,0.0,excellent_match
187,tt2640044,Masters of the Air,2024,"War, Drama, Action, History",TV Mini Series,7.8,10,0.9999051297173591,10.0,65922,,0.0,0.0,excellent_match
188,tt0942385,Tropic Thunder,2008,"Comedy, Action, War",Movie,7.1,10,0.9998760923770639,10.0,474896,,0.0,0.0,excellent_match
189,tt0356150,EuroTrip,2004,Comedy,Movie,6.6,10,0.99985535141971,10.0,237061,,0.0,0.0,excellent_match
190,tt0134847,Pitch Black,2000,"Thriller, Sci-Fi, Horror",Movie,7.0,8,0.7777334078068426,8.0,260394,,0.0,0.0,excellent_match
191,tt2421662,The Challenger Disaster,2013,"Drama, History",TV Movie,7.2,10,0.9998802405685344,10.0,4707,,0.0,0.0,excellent_match
192,tt15239678,Dune: Part Two,2024,"Adventure, Drama, Sci-Fi, Action",Movie,8.5,9,0.8888648988682792,9.0,657116,,0.0,0.0,excellent_match
193,tt4236770,Yellowstone,2018,"Drama, Western",TV Series,8.6,8,0.7777997788703748,8.0,285291,,0.0,0.0,excellent_match
194,tt0097372,For All Mankind,1989,"Documentary, History",Movie,8.1,10,0.999917574291771,10.0,6956,,0.0,0.0,excellent_match
195,tt1386588,The Other Guys,2010,"Action, Comedy, Crime, Thriller",Movie,6.7,10,0.999859499611181,10.0,301784,,0.0,0.0,excellent_match
196,tt0177789,Galaxy Quest,1999,"Adventure, Sci-Fi, Comedy",Movie,7.4,10,0.9998885369514766,10.0,187250,,0.0,0.0,excellent_match
197,tt0096928,Bill & Ted's Excellent Adventure,1989,"Sci-Fi, Music, Romance, Comedy, Adventure",Movie,6.9,8,0.7777292596153721,8.0,146914,,0.0,0.0,excellent_match
198,tt0251075,Evolution,2001,"Sci-Fi, Comedy",Movie,6.1,9,0.8887653422729811,9.0,140354,,0.0,0.0,excellent_match
199,tt4649466,Kingsman: The Golden Circle,2017,"Action, Adventure, Comedy, Crime, Thriller",Movie,6.7,7,0.6666516950430555,7.0,390627,,0.0,0.0,excellent_match
200,tt0112508,Billy Madison,1995,Comedy,Movie,6.4,8,0.7777085186580183,8.0,164174,,0.0,0.0,excellent_match
201,tt8367814,The Gentlemen,2019,"Action, Crime",Movie,7.8,8,0.7777665933386086,8.0,439443,,0.0,0.0,excellent_match
202,tt15677150,Shrinking,2023,"Comedy, Drama",TV Series,8.1,10,0.999917574291771,10.0,104833,,0.0,0.0,excellent_match
203,tt1951264,The Hunger Games: Catching Fire,2013,"Sci-Fi, Thriller, Action, Adventure",Movie,7.5,7,0.6666848805748216,7.0,754718,,0.0,0.0,excellent_match
204,tt0094812,Bull Durham,1988,"Sport, Romance, Comedy",Movie,7.0,8,0.7777334078068426,8.0,62535,,0.0,0.0,excellent_match
205,tt9114286,Black Panther: Wakanda Forever,2022,"Action, Adventure, Sci-Fi, Drama",Movie,6.6,7,0.6666475468515848,7.0,338881,,0.0,0.0,excellent_match
206,tt8466564,Obi-Wan Kenobi,2022,"Sci-Fi, Action, Adventure",TV Mini Series,7.0,10,0.999871944185593,10.0,253103,,0.0,0.0,excellent_match
207,tt11198330,House of the Dragon,2022,"Fantasy, Action, Adventure, Drama, Romance",TV Series,8.3,10,0.9999258706747133,10.0,485486,,0.0,0.0,excellent_match
208,tt6328046,What's My Name: Muhammad Ali,2019,"Documentary, Biography, Sport",Movie,8.4,10,0.9999300188661842,10.0,2606,,0.0,0.0,excellent_match
209,tt1745960,Top Gun: Maverick,2022,"Action, Drama",Movie,8.2,10,0.9999217224832423,10.0,797363,,0.0,0.0,excellent_match
210,tt4276820,The Founder,2016,"Biography, Drama",Movie,7.2,9,0.8888109723791595,9.0,196063,,0.0,0.0,excellent_match
211,tt0104257,A Few Good Men,1992,"Thriller, Drama",Movie,7.7,10,0.9999009815258881,10.0,306065,,0.0,0.0,excellent_match
212,tt3390892,The Last Tycoon,2016,Drama,TV Series,7.5,8,0.7777541487641967,8.0,6002,,0.0,0.0,excellent_match
213,tt5137338,Victoria,2016,"Drama, Biography, History",TV Series,8.2,10,0.9999217224832423,10.0,32840,,0.0,0.0,excellent_match
214,tt9288030,Reacher,2022,"Action, Crime, Drama, Thriller",TV Series,8.0,10,0.9999134261003005,10.0,273642,,0.0,0.0,excellent_match
215,tt0112740,Crimson Tide,1995,"Action, War, Drama, Thriller",Movie,7.4,10,0.9998885369514766,10.0,132055,,0.0,0.0,excellent_match
216,tt0399295,Lord of War,2005,"Crime, Drama",Movie,7.6,10,0.9998968333344176,10.0,351645,,0.0,0.0,excellent_match
217,tt0390022,Friday Night Lights,2004,"Drama, Sport, Action",Movie,7.2,10,0.9998802405685344,10.0,69348,,0.0,0.0,excellent_match
218,tt0120903,X-Men,2000,"Adventure, Sci-Fi, Action",Movie,7.3,8,0.7777458523812548,8.0,678621,,0.0,0.0,excellent_match
219,tt0418279,Transformers,2007,"Action, Sci-Fi, Adventure",Movie,7.1,8,0.7777375559983135,8.0,702556,,0.0,0.0,excellent_match
220,tt8009428,Hustle,2022,"Sport, Comedy, Drama",Movie,7.3,10,0.9998843887600057,10.0,157616,,0.0,0.0,excellent_match
221,tt0796366,Star Trek,2009,"Sci-Fi, Action, Adventure",Movie,7.9,9,0.888840009719455,9.0,631688,,0.0,0.0,excellent_match
222,tt12748084,Anatomy of a Scandal,2022,"Drama, Thriller, Mystery",TV Mini Series,7.0,8,0.7777334078068426,8.0,38950,,0.0,0.0,excellent_match
223,tt2975590,Batman v Superman: Dawn of Justice,2016,"Action, Adventure, Sci-Fi",Movie,6.4,4,0.3334314459005178,4.0,778393,,0.0,0.0,excellent_match
224,tt0120484,The Waterboy,1998,"Sport, Comedy",Movie,6.2,10,0.9998387586538269,10.0,187728,,0.0,0.0,excellent_match
225,tt11286314,Don't Look Up,2021,"Comedy, Drama, Sci-Fi",Movie,7.2,4,0.3334646314322838,4.0,647283,,0.0,0.0,excellent_match
226,tt0926084,Harry Potter and the Deathly Hallows: Part 1,2010,"Adventure, Mystery, Fantasy, Family",Movie,7.7,7,0.666693176957763,7.0,638892,,0.0,0.0,excellent_match
227,tt3450958,War for the Planet of the Apes,2017,"Action, Drama, Sci-Fi, Adventure, Thriller",Movie,7.4,7,0.6666807323833509,7.0,319052,,0.0,0.0,excellent_match
228,tt0183790,A Knight's Tale,2001,"Adventure, Romance, Drama, Action",Movie,7.0,10,0.999871944185593,10.0,212972,,0.0,0.0,excellent_match
229,tt0108037,The Sandlot,1993,"Drama, Sport, Comedy, Family",Movie,7.8,10,0.9999051297173591,10.0,110723,,0.0,0.0,excellent_match
230,tt0102798,Robin Hood: Prince of Thieves,1991,"Drama, Romance, Adventure, Action",Movie,6.9,9,0.8887985278047468,9.0,217311,,0.0,0.0,excellent_match
231,tt0319262,The Day After Tomorrow,2004,"Action, Adventure, Sci-Fi, Thriller",Movie,6.5,5,0.4445048622813636,5.0,501070,,0.0,0.0,excellent_match
232,tt3521164,Moana,2016,"Animation, Musical, Adventure, Family, Comedy, Fantasy",Movie,7.6,7,0.6666890287662923,7.0,422720,,0.0,0.0,excellent_match
233,tt0368891,National Treasure,2004,"Adventure, Action, Thriller, Mystery",Movie,6.9,8,0.7777292596153721,8.0,369822,,0.0,0.0,excellent_match
234,tt0198781,"Monsters, Inc.",2001,"Animation, Adventure, Comedy, Family, Fantasy",Movie,8.1,8,0.7777790379130209,8.0,1039919,,0.0,0.0,excellent_match
235,tt0120623,A Bug's Life,1998,"Animation, Adventure, Comedy, Family",Movie,7.2,8,0.7777417041897845,8.0,329964,,0.0,0.0,excellent_match
236,tt0363771,"The Chronicles of Narnia: The Lion, the Witch and the Wardrobe",2005,"Adventure, Family, Fantasy",Movie,6.9,7,0.6666599914259969,7.0,447387,,0.0,0.0,excellent_match
237,tt6710474,Everything Everywhere All at Once,2022,"Sci-Fi, Adventure, Comedy, Fantasy, Action, Drama",Movie,7.8,1,0.0002817160129829046,1.0,589240,,0.0,0.0,excellent_match
238,tt7631058,The Lord of the Rings: The Rings of Power,2022,"Adventure, Fantasy, Action, Drama",TV Series,6.9,9,0.8887985278047468,9.0,429323,,0.0,0.0,excellent_match
239,tt9419884,Doctor Strange in the Multiverse of Madness,2022,"Action, Fantasy, Adventure, Sci-Fi",Movie,6.9,7,0.6666599914259969,7.0,523959,,0.0,0.0,excellent_match
240,tt21837726,The Redeem Team,2022,"Documentary, History, Sport",Movie,7.4,9,0.8888192687621009,9.0,12074,,0.0,0.0,excellent_match
241,tt0352248,Cinderella Man,2005,"Sport, Biography, Romance, Drama",Movie,8.0,7,0.666705621532175,7.0,205532,,0.0,0.0,excellent_match
242,tt0097815,Major League,1989,"Sport, Comedy",Movie,7.2,9,0.8888109723791595,9.0,80688,,0.0,0.0,excellent_match
243,tt0298203,8 Mile,2002,"Music, Drama",Movie,7.2,10,0.9998802405685344,10.0,341992,,0.0,0.0,excellent_match
244,tt1074638,Skyfall,2012,"Action, Thriller, Adventure",Movie,7.8,7,0.666697325149234,7.0,755739,,0.0,0.0,excellent_match
245,tt1398426,Straight Outta Compton,2015,"Musical, Biography, Music, Drama, History",Movie,7.8,8,0.7777665933386086,8.0,229162,,0.0,0.0,excellent_match
246,tt0106611,Cool Runnings,1993,"Sport, Adventure, Family, History, Comedy",Movie,7.0,10,0.999871944185593,10.0,118833,,0.0,0.0,excellent_match
247,tt0191397,The Replacements,2000,"Sport, Comedy",Movie,6.6,10,0.99985535141971,10.0,72687,,0.0,0.0,excellent_match
248,tt17511190,Facing Nolan,2022,"Documentary, Biography, Sport",Movie,7.9,7,0.6667014733407045,7.0,2013,,0.0,0.0,excellent_match
249,tt0305224,Anger Management,2003,Comedy,Movie,6.3,5,0.44449656589842207,5.0,236875,,0.0,0.0,excellent_match
250,tt0146838,Any Given Sunday,1999,"Sport, Drama",Movie,6.9,9,0.8887985278047468,9.0,129302,,0.0,0.0,excellent_match
251,tt0181984,Boiler Room,2000,"Crime, Drama, Thriller",Movie,7.0,9,0.8888026759962181,9.0,58687,,0.0,0.0,excellent_match
252,tt2119532,Hacksaw Ridge,2016,"Drama, War, History, Biography",Movie,8.1,9,0.8888483061023966,9.0,648560,,0.0,0.0,excellent_match
253,tt2888046,Ip Man 3,2015,"Action, Biography, Drama, History, Crime",Movie,7.0,9,0.8888026759962181,9.0,63022,,0.0,0.0,excellent_match
254,tt1615147,Margin Call,2011,"Thriller, Drama",Movie,7.1,7,0.6666682878089384,7.0,154784,,0.0,0.0,excellent_match
255,tt1220719,Ip Man,2008,"Action, Drama, Biography, War",Movie,8.0,9,0.8888441579109254,9.0,239811,,0.0,0.0,excellent_match
256,tt2076298,Ip Man 4: The Finale,2019,"Action, Biography, Drama, History",Movie,7.0,9,0.8888026759962181,9.0,39346,,0.0,0.0,excellent_match
257,tt13720112,The Empress,2022,"Drama, Romance, History",TV Series,7.8,9,0.8888358615279839,9.0,20100,,0.0,0.0,excellent_match
258,tt10244600,Winning Time: The Rise of the Lakers Dynasty,2022,"Drama, Sport, Biography",TV Series,8.3,10,0.9999258706747133,10.0,31237,,0.0,0.0,excellent_match
259,tt9253284,Andor,2022,"Sci-Fi, Thriller, Action, Adventure, Fantasy",TV Series,8.6,10,0.9999383152491248,10.0,244019,,0.0,0.0,excellent_match
260,tt11502498,Kenobi: A Star Wars Fan Film,2019,"Short, Adventure, Fantasy, Sci-Fi, Action",Short,7.0,9,0.8888026759962181,9.0,36033,,0.0,0.0,excellent_match
261,tt2382320,No Time to Die,2021,"Action, Thriller, Adventure",Movie,7.3,8,0.7777458523812548,8.0,470149,,0.0,0.0,excellent_match
262,tt0469494,There Will Be Blood,2007,Drama,Movie,8.2,6,0.5556446497257416,6.0,679512,,0.0,0.0,excellent_match
263,tt0110413,Léon: The Professional,1994,"Action, Drama, Crime, Thriller",Movie,8.5,9,0.8888648988682792,9.0,1314942,,0.0,0.0,excellent_match
264,tt0443272,Lincoln,2012,"Drama, Biography, History, War",Movie,7.3,7,0.6666765841918798,7.0,280401,,0.0,0.0,excellent_match
265,tt3973820,Red Oaks,2014,"Comedy, Drama, Sport",TV Series,7.9,10,0.99990927790883,10.0,13547,,0.0,0.0,excellent_match
266,tt15180134,Reboot,2022,Comedy,TV Series,7.4,10,0.9998885369514766,10.0,9996,,0.0,0.0,excellent_match
267,tt3322364,Concussion,2015,"Drama, Sport, Biography",Movie,7.1,8,0.7777375559983135,8.0,103414,,0.0,0.0,excellent_match
268,tt0248667,Ali,2001,"Sport, Biography, Drama",Movie,6.7,10,0.999859499611181,10.0,108765,,0.0,0.0,excellent_match
269,tt0120188,Three Kings,1999,"Adventure, Comedy, Drama, War, Action",Movie,7.1,8,0.7777375559983135,8.0,185144,,0.0,0.0,excellent_match
270,tt1386932,Ip Man 2,2010,"Action, Biography, Drama, History",Movie,7.5,9,0.8888234169535715,9.0,114638,,0.0,0.0,excellent_match
271,tt1100089,Foxcatcher,2014,"Drama, Biography, Sport, History",Movie,7.0,5,0.4445256032387175,5.0,153185,,0.0,0.0,excellent_match
272,tt0478311,Knocked Up,2007,"Comedy, Romance",Movie,6.9,7,0.6666599914259969,7.0,393725,,0.0,0.0,excellent_match
273,tt2278388,The Grand Budapest Hotel,2014,"Comedy, Drama",Movie,8.1,9,0.8888483061023966,9.0,937284,,0.0,0.0,excellent_match
274,tt1300854,Iron Man 3,2013,"Action, Adventure, Sci-Fi",Movie,7.1,8,0.7777375559983135,8.0,941352,,0.0,0.0,excellent_match
275,tt3659388,The Martian,2015,"Sci-Fi, Adventure, Drama",Movie,8.0,10,0.9999134261003005,10.0,977172,,0.0,0.0,excellent_match
276,tt1228705,Iron Man 2,2010,"Action, Sci-Fi",Movie,6.9,8,0.7777292596153721,8.0,913088,,0.0,0.0,excellent_match
277,tt0372784,Batman Begins,2005,"Action, Crime, Drama, Thriller",Movie,8.2,9,0.8888524542938671,9.0,1664221,,0.0,0.0,excellent_match
278,tt3076658,Creed,2015,"Drama, Sport, Action",Movie,7.6,8,0.7777582969556671,8.0,325256,,0.0,0.0,excellent_match
279,tt0264464,Catch Me If You Can,2002,"Drama, Biography, Crime",Movie,8.1,10,0.999917574291771,10.0,1182175,,0.0,0.0,excellent_match
280,tt0247745,Super Troopers,2001,"Mystery, Crime, Comedy",Movie,7.0,10,0.999871944185593,10.0,116821,,0.0,0.0,excellent_match
281,tt0139654,Training Day,2001,"Crime, Drama, Thriller",Movie,7.8,10,0.9999051297173591,10.0,501005,,0.0,0.0,excellent_match
282,tt0795176,Planet Earth,2006,"Documentary, Family",TV Mini Series,9.4,10,0.9999715007808909,10.0,228915,,0.0,0.0,excellent_match
283,tt0296310,The Blue Planet,2001,Documentary,TV Series,9.0,9,0.8888856398256332,9.0,46455,,0.0,0.0,excellent_match
284,tt0133093,The Matrix,1999,"Action, Sci-Fi",Movie,8.7,10,0.9999424634405961,10.0,2178270,,0.0,0.0,excellent_match
285,tt0120737,The Lord of the Rings: The Fellowship of the Ring,2001,"Drama, Adventure, Fantasy",Movie,8.9,9,0.8888814916341623,9.0,2132010,,0.0,0.0,excellent_match
286,tt0800369,Thor,2011,"Action, Fantasy",Movie,7.0,8,0.7777334078068426,8.0,942639,,0.0,0.0,excellent_match
287,tt0109830,Forrest Gump,1994,"Romance, Drama",Movie,8.8,10,0.9999466116320664,10.0,2408842,,0.0,0.0,excellent_match
288,tt1670345,Now You See Me,2013,"Thriller, Crime, Mystery",Movie,7.2,10,0.9998802405685344,10.0,746473,,0.0,0.0,excellent_match
289,tt2395427,Avengers: Age of Ultron,2015,"Action, Adventure, Sci-Fi",Movie,7.3,9,0.8888151205706301,9.0,971250,,0.0,0.0,excellent_match
290,tt2488496,Star Wars: Episode VII - The Force Awakens,2015,"Sci-Fi, Action, Adventure",Movie,7.7,4,0.3334853723896376,4.0,1007612,,0.0,0.0,excellent_match
291,tt2015381,Guardians of the Galaxy,2014,"Sci-Fi, Action, Adventure, Comedy",Movie,8.0,8,0.7777748897215503,8.0,1330008,,0.0,0.0,excellent_match
292,tt0137523,Fight Club,1999,"Drama, Crime, Thriller",Movie,8.8,10,0.9999466116320664,10.0,2501662,,0.0,0.0,excellent_match
293,tt0848228,The Avengers,2012,"Action, Sci-Fi",Movie,8.0,9,0.8888441579109254,9.0,1522147,,0.0,0.0,excellent_match
294,tt1727824,Bohemian Rhapsody,2018,"Biography, Drama, Music",Movie,7.9,8,0.7777707415300797,8.0,627578,,0.0,0.0,excellent_match
295,tt0167260,The Lord of the Rings: The Return of the King,2003,"Drama, Adventure, Fantasy",Movie,9.0,9,0.8888856398256332,9.0,2099714,,0.0,0.0,excellent_match
296,tt1211837,Doctor Strange,2016,"Fantasy, Adventure, Action, Sci-Fi",Movie,7.5,8,0.7777541487641967,8.0,854010,,0.0,0.0,excellent_match
297,tt0120382,The Truman Show,1998,"Comedy, Drama",Movie,8.2,10,0.9999217224832423,10.0,1306396,,0.0,0.0,excellent_match
298,tt0371746,Iron Man,2008,"Action, Sci-Fi, Adventure",Movie,7.9,8,0.7777707415300797,8.0,1187821,,0.0,0.0,excellent_match
299,tt2096673,Inside Out,2015,"Animation, Comedy, Family, Adventure, Drama, Fantasy",Movie,8.1,8,0.7777790379130209,8.0,880147,,0.0,0.0,excellent_match
300,tt2848292,Pitch Perfect 2,2015,"Comedy, Music",Movie,6.4,7,0.6666392504686431,7.0,176671,,0.0,0.0,excellent_match
301,tt1266020,Parks and Recreation,2009,Comedy,TV Series,8.6,9,0.8888690470597501,9.0,306000,,0.0,0.0,excellent_match
302,tt0111161,The Shawshank Redemption,1994,Drama,Movie,9.3,10,0.9999673525894204,10.0,3084109,,0.0,0.0,excellent_match
303,tt1375666,Inception,2010,"Sci-Fi, Thriller, Action, Adventure",Movie,8.8,9,0.8888773434426914,9.0,2717596,,0.0,0.0,excellent_match
304,tt1981115,Thor: The Dark World,2013,"Action, Adventure, Fantasy, Sci-Fi",Movie,6.7,8,0.7777209632324306,8.0,758934,,0.0,0.0,excellent_match
305,tt1431045,Deadpool,2016,"Action, Sci-Fi, Comedy",Movie,8.0,8,0.7777748897215503,8.0,1219782,,0.0,0.0,excellent_match
306,tt1843866,Captain America: The Winter Soldier,2014,"Action, Adventure, Sci-Fi, Thriller",Movie,7.7,7,0.666693176957763,7.0,945615,,0.0,0.0,excellent_match
307,tt4154664,Captain Marvel,2019,"Action, Adventure, Sci-Fi",Movie,6.7,6,0.5555824268536802,6.0,641173,,0.0,0.0,excellent_match
308,tt0075686,Annie Hall,1977,"Romance, Comedy",Movie,7.9,7,0.6667014733407045,7.0,285713,,0.0,0.0,excellent_match
309,tt2980516,The Theory of Everything,2014,"Drama, Biography, Romance",Movie,7.7,8,0.7777624451471382,8.0,500593,,0.0,0.0,excellent_match
310,tt0075148,Rocky,1976,"Sport, Drama",Movie,8.1,10,0.999917574291771,10.0,667940,,0.0,0.0,excellent_match
311,tt0121766,Star Wars: Episode III - Revenge of the Sith,2005,"Fantasy, Adventure, Sci-Fi, Action",Movie,7.6,8,0.7777582969556671,8.0,895436,,0.0,0.0,excellent_match
312,tt3300542,London Has Fallen,2016,"Action, Thriller",Movie,5.9,7,0.6666185095112893,7.0,176901,,0.0,0.0,excellent_match
313,tt0066206,Patton,1970,"Biography, Drama, War",Movie,7.9,10,0.99990927790883,10.0,112373,,0.0,0.0,excellent_match
314,tt1631867,Edge of Tomorrow,2014,"Action, Sci-Fi, Adventure",Movie,7.9,10,0.99990927790883,10.0,781675,,0.0,0.0,excellent_match
315,tt0405159,Million Dollar Baby,2004,"Drama, Sport",Movie,8.1,7,0.6667097697236456,7.0,751769,,0.0,0.0,excellent_match
316,tt1253863,300: Rise of an Empire,2014,"Action, Drama",Movie,6.2,7,0.6666309540857016,7.0,325036,,0.0,0.0,excellent_match
317,tt0257044,Road to Perdition,2002,"Thriller, Crime, Drama",Movie,7.7,10,0.9999009815258881,10.0,295318,,0.0,0.0,excellent_match
318,tt0362227,The Terminal,2004,"Drama, Comedy, Romance",Movie,7.4,8,0.7777500005727259,8.0,519064,,0.0,0.0,excellent_match
319,tt0472062,Charlie Wilson's War,2007,"Drama, Biography, Comedy, History",Movie,7.0,10,0.999871944185593,10.0,128883,,0.0,0.0,excellent_match
320,tt1535109,Captain Phillips,2013,"Drama, Biography, Thriller, Crime, Action",Movie,7.8,9,0.8888358615279839,9.0,511017,,0.0,0.0,excellent_match
321,tt3682448,Bridge of Spies,2015,"Drama, Thriller, History, War",Movie,7.6,10,0.9998968333344176,10.0,338668,,0.0,0.0,excellent_match
322,tt4154796,Avengers: Endgame,2019,"Action, Sci-Fi, Adventure",Movie,8.4,9,0.8888607506768084,9.0,1380027,,0.0,0.0,excellent_match
323,tt3263904,Sully,2016,"Drama, Biography",Movie,7.4,9,0.8888192687621009,9.0,314530,,0.0,0.0,excellent_match
324,tt1136608,District 9,2009,"Sci-Fi, Action, Thriller",Movie,7.9,9,0.888840009719455,9.0,739833,,0.0,0.0,excellent_match
325,tt4425200,John Wick: Chapter 2,2017,"Action, Thriller, Crime",Movie,7.4,7,0.6666807323833509,7.0,550634,,0.0,0.0,excellent_match
326,tt0112384,Apollo 13,1995,"Adventure, History, Drama",Movie,7.7,8,0.7777624451471382,8.0,328914,,0.0,0.0,excellent_match
327,tt0250494,Legally Blonde,2001,"Romance, Comedy",Movie,6.5,7,0.6666433986601139,7.0,272010,,0.0,0.0,excellent_match
328,tt0089927,Rocky IV,1985,"Sport, Drama",Movie,6.9,10,0.9998677959941225,10.0,238288,,0.0,0.0,excellent_match
329,tt0084602,Rocky III,1982,"Sport, Drama",Movie,6.9,8,0.7777292596153721,8.0,222055,,0.0,0.0,excellent_match
330,tt3315342,Logan,2017,"Action, Sci-Fi, Drama, Thriller",Movie,8.1,8,0.7777790379130209,8.0,900407,,0.0,0.0,excellent_match
331,tt5296406,Designated Survivor,2016,"Drama, Thriller, Action, Mystery",TV Series,7.4,9,0.8888192687621009,9.0,112368,,0.0,0.0,excellent_match
332,tt0272020,The Last Castle,2001,"Thriller, Drama, Action",Movie,6.9,9,0.8887985278047468,9.0,88151,,0.0,0.0,excellent_match
333,tt0196229,Zoolander,2001,Comedy,Movie,6.5,7,0.6666433986601139,7.0,308777,,0.0,0.0,excellent_match
334,tt6320628,Spider-Man: Far from Home,2019,"Action, Adventure, Sci-Fi, Comedy, Fantasy",Movie,7.4,5,0.44454219600460043,5.0,609481,,0.0,0.0,excellent_match
335,tt0110357,The Lion King,1994,"Animation, Musical, Drama, Adventure, Family",Movie,8.5,8,0.777795630678904,8.0,1217193,,0.0,0.0,excellent_match
336,tt2911666,John Wick,2014,"Action, Thriller, Crime",Movie,7.5,8,0.7777541487641967,8.0,795899,,0.0,0.0,excellent_match
337,tt10575038,Aziz Ansari: Right Now,2019,Comedy,TV Special,7.5,10,0.9998926851429472,10.0,5502,,0.0,0.0,excellent_match
338,tt0266543,Finding Nemo,2003,"Animation, Family, Comedy, Adventure",Movie,8.2,8,0.7777831861044918,8.0,1172506,,0.0,0.0,excellent_match
339,tt0071562,The Godfather Part II,1974,"Crime, Drama",Movie,9.0,10,0.9999549080150081,10.0,1446337,,0.0,0.0,excellent_match
340,tt3896198,Guardians of the Galaxy Vol. 2,2017,"Action, Sci-Fi, Adventure, Comedy",Movie,7.6,8,0.7777582969556671,8.0,804891,,0.0,0.0,excellent_match
341,tt0455944,The Equalizer,2014,"Thriller, Action, Crime",Movie,7.3,9,0.8888151205706301,9.0,451271,,0.0,0.0,excellent_match
342,tt0816692,Interstellar,2014,"Sci-Fi, Adventure, Drama",Movie,8.7,7,0.666734658872471,7.0,2388714,,0.0,0.0,excellent_match
343,tt1355631,The Infiltrator,2016,"Crime, Drama, Biography, Thriller",Movie,7.0,7,0.6666641396174676,7.0,83459,,0.0,0.0,excellent_match
344,tt0765429,American Gangster,2007,"Drama, Crime, Biography",Movie,7.8,8,0.7777665933386086,8.0,475250,,0.0,0.0,excellent_match
345,tt6294822,The Post,2017,"Drama, Biography, History, Thriller, War",Movie,7.2,8,0.7777417041897845,8.0,168867,,0.0,0.0,excellent_match
346,tt0086879,Amadeus,1984,"Drama, Music, Biography",Movie,8.4,9,0.8888607506768084,9.0,453221,,0.0,0.0,excellent_match
347,tt4209788,Molly's Game,2017,"Drama, Biography, Crime",Movie,7.4,8,0.7777500005727259,8.0,198353,,0.0,0.0,excellent_match
348,tt1345836,The Dark Knight Rises,2012,"Action, Drama, Thriller, Crime",Movie,8.4,10,0.9999300188661842,10.0,1934285,,0.0,0.0,excellent_match
349,tt0167261,The Lord of the Rings: The Two Towers,2002,"Drama, Adventure, Fantasy",Movie,8.8,10,0.9999466116320664,10.0,1893825,,0.0,0.0,excellent_match
350,tt0110912,Pulp Fiction,1994,"Crime, Drama",Movie,8.8,10,0.9999466116320664,10.0,2360521,,0.0,0.0,excellent_match
351,tt1219289,Limitless,2011,"Thriller, Sci-Fi",Movie,7.4,8,0.7777500005727259,8.0,633947,,0.0,0.0,excellent_match
352,tt3104988,Crazy Rich Asians,2018,"Comedy, Romance, Drama",Movie,6.9,10,0.9998677959941225,10.0,202987,,0.0,0.0,excellent_match
353,tt0185906,Band of Brothers,2001,"History, Action, Drama, War",TV Mini Series,9.4,10,0.9999715007808909,10.0,569512,,0.0,0.0,excellent_match
354,tt4846340,Hidden Figures,2016,"Drama, History, Biography",Movie,7.8,8,0.7777665933386086,8.0,278430,,0.0,0.0,excellent_match
355,tt5013056,Dunkirk,2017,"War, Drama, Action, History, Thriller",Movie,7.8,8,0.7777665933386086,8.0,782047,,0.0,0.0,excellent_match
356,tt4154756,Avengers: Infinity War,2018,"Action, Sci-Fi, Adventure",Movie,8.4,8,0.7777914824874337,8.0,1310371,,0.0,0.0,excellent_match
357,tt5463162,Deadpool 2,2018,"Action, Adventure, Comedy, Sci-Fi",Movie,7.6,9,0.8888275651450426,9.0,722163,,0.0,0.0,excellent_match
358,tt2283362,Jumanji: Welcome to the Jungle,2017,"Adventure, Fantasy, Action, Comedy",Movie,7.0,7,0.6666641396174676,7.0,485363,,0.0,0.0,excellent_match
359,tt3606756,Incredibles 2,2018,"Animation, Action, Adventure, Family, Sci-Fi, Comedy, Thriller",Movie,7.5,9,0.8888234169535715,9.0,356361,,0.0,0.0,excellent_match
360,tt4912910,Mission: Impossible - Fallout,2018,"Action, Adventure, Thriller",Movie,7.7,10,0.9999009815258881,10.0,406934,,0.0,0.0,excellent_match
361,tt3402236,Murder on the Orient Express,2017,"Drama, Mystery, Crime, Thriller, Comedy",Movie,6.5,6,0.5555741304707387,6.0,313372,,0.0,0.0,excellent_match
362,tt3501632,Thor: Ragnarok,2017,"Action, Sci-Fi, Adventure, Comedy, Fantasy",Movie,7.9,9,0.888840009719455,9.0,866816,,0.0,0.0,excellent_match
363,tt1825683,Black Panther,2018,"Action, Adventure, Sci-Fi",Movie,7.3,9,0.8888151205706301,9.0,885435,,0.0,0.0,excellent_match
364,tt2179136,American Sniper,2014,"Action, Biography, War, Drama",Movie,7.3,9,0.8888151205706301,9.0,555621,,0.0,0.0,excellent_match
365,tt0407887,The Departed,2006,"Crime, Drama, Thriller",Movie,8.5,9,0.8888648988682792,9.0,1504873,,0.0,0.0,excellent_match
366,tt0468569,The Dark Knight,2008,"Drama, Crime, Thriller, Action",Movie,9.1,10,0.999959056206479,10.0,3059211,,0.0,0.0,excellent_match
367,tt0172495,Gladiator,2000,"Adventure, Drama, Action",Movie,8.5,10,0.9999341670576547,10.0,1785334,,0.0,0.0,excellent_match
368,tt3748528,Rogue One: A Star Wars Story,2016,"Action, Adventure, Sci-Fi",Movie,7.8,10,0.9999051297173591,10.0,734514,,0.0,0.0,excellent_match
369,tt2261227,Altered Carbon,2018,"Sci-Fi, Drama, Action, Adventure",TV Series,7.9,8,0.7777707415300797,8.0,198029,,0.0,0.0,excellent_match
370,tt0944947,Game of Thrones,2011,"Fantasy, Drama, Adventure, Action",TV Series,9.2,10,0.9999632043979498,10.0,2467900,,0.0,0.0,excellent_match
371,tt0238380,Equilibrium,2002,"Drama, Sci-Fi, Thriller, Action",Movie,7.3,10,0.9998843887600057,10.0,357117,,0.0,0.0,excellent_match
372,tt4765284,Pitch Perfect 3,2017,"Comedy, Music",Movie,5.8,7,0.6666143613198187,7.0,76198,,0.0,0.0,excellent_match
373,tt4172430,13 Hours: The Secret Soldiers of Benghazi,2016,"Drama, Action, War, Thriller, History",Movie,7.3,8,0.7777458523812548,8.0,173843,,0.0,0.0,excellent_match
374,tt3498820,Captain America: Civil War,2016,"Action, Sci-Fi",Movie,7.8,7,0.666697325149234,7.0,899558,,0.0,0.0,excellent_match
375,tt0086250,Scarface,1983,"Crime, Drama",Movie,8.3,10,0.9999258706747133,10.0,979635,,0.0,0.0,excellent_match
376,tt0119116,The Fifth Element,1997,"Adventure, Sci-Fi, Action",Movie,7.6,10,0.9998968333344176,10.0,531358,,0.0,0.0,excellent_match
377,tt0416449,300,2006,"Action, Drama",Movie,7.6,10,0.9998968333344176,10.0,896773,,0.0,0.0,excellent_match
378,tt1276104,Looper,2012,"Sci-Fi, Action, Thriller, Drama",Movie,7.4,10,0.9998885369514766,10.0,620345,,0.0,0.0,excellent_match
379,tt0434409,V for Vendetta,2005,"Thriller, Action, Drama, Sci-Fi",Movie,8.1,10,0.999917574291771,10.0,1223265,,0.0,0.0,excellent_match
380,tt0475784,Westworld,2016,"Sci-Fi, Drama, Mystery",TV Series,8.4,10,0.9999300188661842,10.0,550576,,0.0,0.0,excellent_match
381,tt1475582,Sherlock,2010,"Crime, Mystery, Drama, Thriller",TV Series,9.0,10,0.9999549080150081,10.0,1057849,,0.0,0.0,excellent_match
382,tt0361748,Inglourious Basterds,2009,"War, Adventure, Drama",Movie,8.4,9,0.8888607506768084,9.0,1707780,,0.0,0.0,excellent_match
383,tt2084970,The Imitation Game,2014,"Drama, Biography, Thriller, War",Movie,8.0,9,0.8888441579109254,9.0,859645,,0.0,0.0,excellent_match
384,tt0993846,The Wolf of Wall Street,2013,"Crime, Drama, Biography, Comedy",Movie,8.2,9,0.8888524542938671,9.0,1710810,,0.0,0.0,excellent_match
385,tt4540710,Miss Sloane,2016,Drama,Movie,7.5,9,0.8888234169535715,9.0,86683,,0.0,0.0,excellent_match
386,tt3397884,Sicario,2015,"Drama, Crime, Mystery, Thriller, Action",Movie,7.7,9,0.8888317133365131,9.0,515434,,0.0,0.0,excellent_match
387,tt1853728,Django Unchained,2012,"Western, Drama",Movie,8.5,9,0.8888648988682792,9.0,1813718,,0.0,0.0,excellent_match
388,tt0068646,The Godfather,1972,"Crime, Drama",Movie,9.2,10,0.9999632043979498,10.0,2150739,,0.0,0.0,excellent_match
389,tt1037705,The Book of Eli,2010,"Adventure, Drama, Thriller, Action",Movie,6.8,9,0.8887943796132762,9.0,353989,,0.0,0.0,excellent_match
390,tt0268978,A Beautiful Mind,2001,"Biography, Mystery, Drama",Movie,8.2,9,0.8888524542938671,9.0,1030282,,0.0,0.0,excellent_match
391,tt1907668,Flight,2012,"Drama, Thriller",Movie,7.3,8,0.7777458523812548,8.0,389781,,0.0,0.0,excellent_match
392,tt2005151,War Dogs,2016,"Comedy, Drama, War, Crime, Biography",Movie,7.1,10,0.9998760923770639,10.0,283341,,0.0,0.0,excellent_match
393,tt1860357,Deepwater Horizon,2016,"Drama, Thriller, Action, History",Movie,7.1,8,0.7777375559983135,8.0,193528,,0.0,0.0,excellent_match
394,tt7493974,Bodyguard,2018,"Thriller, Crime, Drama, Mystery",TV Series,8.0,10,0.9999134261003005,10.0,163422,,0.0,0.0,excellent_match
395,tt0458339,Captain America: The First Avenger,2011,"Action, Adventure, Sci-Fi",Movie,6.9,7,0.6666599914259969,7.0,943200,,0.0,0.0,excellent_match
396,tt1856010,House of Cards,2013,"Drama, Thriller",TV Series,8.6,8,0.7777997788703748,8.0,550007,,0.0,0.0,excellent_match
397,tt0118715,The Big Lebowski,1998,"Crime, Comedy",Movie,8.1,10,0.999917574291771,10.0,897711,,0.0,0.0,excellent_match
398,tt1981677,Pitch Perfect,2012,"Comedy, Music, Romance",Movie,7.1,10,0.9998760923770639,10.0,343620,,0.0,0.0,excellent_match
399,tt1386697,Suicide Squad,2016,"Action, Sci-Fi, Adventure, Fantasy",Movie,5.9,5,0.444479973132539,5.0,746258,,0.0,0.0,excellent_match
400,tt2543164,Arrival,2016,"Sci-Fi, Drama, Mystery",Movie,7.9,9,0.888840009719455,9.0,829365,,0.0,0.0,excellent_match
401,tt0499549,Avatar,2009,"Sci-Fi, Action, Adventure, Fantasy",Movie,7.9,9,0.888840009719455,9.0,1441544,,0.0,0.0,excellent_match
402,tt0482571,The Prestige,2006,"Drama, Thriller, Mystery, Sci-Fi",Movie,8.5,10,0.9999341670576547,10.0,1533525,,0.0,0.0,excellent_match
403,tt0120815,Saving Private Ryan,1998,"Drama, War",Movie,8.6,9,0.8888690470597501,9.0,1587018,,0.0,0.0,excellent_match
404,tt0114814,The Usual Suspects,1995,"Drama, Crime, Mystery, Thriller",Movie,8.5,10,0.9999341670576547,10.0,1201033,,0.0,0.0,excellent_match
405,tt0377092,Mean Girls,2004,Comedy,Movie,7.1,10,0.9998760923770639,10.0,468335,,0.0,0.0,excellent_match
406,tt1454468,Gravity,2013,"Sci-Fi, Thriller, Drama",Movie,7.7,7,0.666693176957763,7.0,886358,,0.0,0.0,excellent_match
407,tt1895587,Spotlight,2015,"Drama, Crime, Biography",Movie,8.1,8,0.7777790379130209,8.0,523231,,0.0,0.0,excellent_match
408,tt1024648,Argo,2012,"Thriller, Drama, Biography, History",Movie,7.7,9,0.8888317133365131,9.0,655790,,0.0,0.0,excellent_match
409,tt1504320,The King's Speech,2010,"Drama, Biography, History",Movie,8.0,10,0.9999134261003005,10.0,724499,,0.0,0.0,excellent_match
410,tt1706620,Snowpiercer,2013,"Sci-Fi, Thriller, Action",Movie,7.1,10,0.9998760923770639,10.0,410340,,0.0,0.0,excellent_match
411,tt0325710,The Last Samurai,2003,"Drama, Action",Movie,7.8,10,0.9999051297173591,10.0,493023,,0.0,0.0,excellent_match
412,tt7728082,Chasing the Moon,2019,"Documentary, History",TV Mini Series,8.6,10,0.9999383152491248,10.0,824,,0.0,0.0,excellent_match
413,tt0097165,Dead Poets Society,1989,"Comedy, Drama",Movie,8.1,10,0.999917574291771,10.0,604090,,0.0,0.0,excellent_match
414,tt2061756,Muhammad Ali's Greatest Fight,2013,"Drama, Biography",Movie,6.7,10,0.999859499611181,10.0,2642,,0.0,0.0,excellent_match
415,tt0158983,"South Park: Bigger, Longer & Uncut",1999,"Animation, Musical, Fantasy, Comedy",Movie,7.7,10,0.9999009815258881,10.0,221647,,0.0,0.0,excellent_match
416,tt8111088,The Mandalorian,2019,"Sci-Fi, Action, Adventure, Fantasy",TV Series,8.6,10,0.9999383152491248,10.0,633961,,0.0,0.0,excellent_match
417,tt2442560,Peaky Blinders,2013,"Drama, Crime",TV Series,8.7,10,0.9999424634405961,10.0,725767,,0.0,0.0,excellent_match
418,tt7767422,Sex Education,2019,"Drama, Comedy, Romance",TV Series,8.2,10,0.9999217224832423,10.0,383485,,0.0,0.0,excellent_match
419,tt5057054,Tom Clancy's Jack Ryan,2018,"Action, Drama, Thriller, Crime",TV Series,8.0,10,0.9999134261003005,10.0,186833,,0.0,0.0,excellent_match
420,tt2149175,The Americans,2013,"Drama, Crime, Mystery, Thriller",TV Series,8.4,10,0.9999300188661842,10.0,118773,,0.0,0.0,excellent_match
421,tt0992993,Into the Storm,2009,"Drama, History, Biography, War",TV Movie,7.0,8,0.7777334078068426,8.0,6253,,0.0,0.0,excellent_match
422,tt0120591,Armageddon,1998,"Adventure, Sci-Fi, Thriller, Action",Movie,6.7,10,0.999859499611181,10.0,469554,,0.0,0.0,excellent_match
423,tt0265086,Black Hawk Down,2001,"Drama, Action, History, War",Movie,7.7,10,0.9999009815258881,10.0,443680,,0.0,0.0,excellent_match
424,tt4736550,The Great Hack,2019,"Documentary, Biography, History",Movie,7.0,10,0.999871944185593,10.0,25536,,0.0,0.0,excellent_match
425,tt1798709,Her,2013,"Romance, Sci-Fi, Drama",Movie,8.0,7,0.666705621532175,7.0,708598,,0.0,0.0,excellent_match
426,tt2140479,The Accountant,2016,"Thriller, Action, Crime, Drama",Movie,7.3,8,0.7777458523812548,8.0,380755,,0.0,0.0,excellent_match
427,tt1632708,Friends with Benefits,2011,"Comedy, Romance",Movie,6.5,7,0.6666433986601139,7.0,412166,,0.0,0.0,excellent_match
428,tt0480249,I Am Legend,2007,"Drama, Sci-Fi, Thriller, Horror",Movie,7.2,6,0.555603167811034,6.0,857013,,0.0,0.0,excellent_match
429,tt0486551,Beerfest,2006,Comedy,Movie,6.2,8,0.7777002222750766,8.0,72870,,0.0,0.0,excellent_match
430,tt0121765,Star Wars: Episode II - Attack of the Clones,2002,"Fantasy, Sci-Fi, Adventure, Action",Movie,6.6,7,0.6666475468515848,7.0,799188,,0.0,0.0,excellent_match
431,tt0120915,Star Wars: Episode I - The Phantom Menace,1999,"Fantasy, Sci-Fi, Adventure, Action",Movie,6.5,7,0.6666433986601139,7.0,902728,,0.0,0.0,excellent_match
432,tt2527336,Star Wars: Episode VIII - The Last Jedi,2017,"Sci-Fi, Action, Adventure, Fantasy",Movie,6.9,1,0.0002443822897461158,1.0,702182,,0.0,0.0,excellent_match
433,tt2527338,Star Wars: Episode IX - The Rise of Skywalker,2019,"Sci-Fi, Action, Adventure, Fantasy",Movie,6.4,1,0.000223641332392314,1.0,525154,,0.0,0.0,excellent_match
434,tt0478970,Ant-Man,2015,"Action, Sci-Fi, Comedy",Movie,7.2,7,0.6666724360004093,7.0,759938,,0.0,0.0,excellent_match
435,tt1535108,Elysium,2013,"Drama, Sci-Fi, Action, Thriller",Movie,6.6,6,0.5555782786622097,6.0,484455,,0.0,0.0,excellent_match
436,tt2381249,Mission: Impossible - Rogue Nation,2015,"Action, Adventure, Thriller",Movie,7.4,8,0.7777500005727259,8.0,435583,,0.0,0.0,excellent_match
437,tt0424345,Clerks II,2006,Comedy,Movie,7.3,7,0.6666765841918798,7.0,143182,,0.0,0.0,excellent_match
438,tt0477080,Unstoppable,2010,"Action, Thriller",Movie,6.8,5,0.444517306855776,5.0,214953,,0.0,0.0,excellent_match
439,tt2575988,Silicon Valley,2014,Comedy,TV Series,8.5,9,0.8888648988682792,9.0,176360,,0.0,0.0,excellent_match
440,tt2489734,The Trials of Muhammad Ali,2013,"Documentary, Biography, Sport, War",Movie,7.2,10,0.9998802405685344,10.0,1203,,0.0,0.0,excellent_match
441,tt0116629,Independence Day,1996,"Adventure, Sci-Fi, Action",Movie,7.0,10,0.999871944185593,10.0,633339,,0.0,0.0,excellent_match
442,tt3526078,Schitt's Creek,2015,Comedy,TV Series,8.5,10,0.9999341670576547,10.0,164140,,0.0,0.0,excellent_match
443,tt2584384,Jojo Rabbit,2019,"Comedy, War, Drama",Movie,7.9,7,0.6667014733407045,7.0,472597,,0.0,0.0,excellent_match
444,tt0964517,The Fighter,2010,"Drama, Sport, Biography, Action",Movie,7.8,7,0.666697325149234,7.0,401221,,0.0,0.0,excellent_match
445,tt3460252,The Hateful Eight,2015,"Western, Drama, Thriller, Mystery, Crime",Movie,7.8,7,0.666697325149234,7.0,700269,,0.0,0.0,excellent_match
446,tt0470752,Ex Machina,2014,"Drama, Sci-Fi, Thriller",Movie,7.7,9,0.8888317133365131,9.0,622456,,0.0,0.0,excellent_match
447,tt0215750,Enemy at the Gates,2001,"Action, Drama, War",Movie,7.5,9,0.8888234169535715,9.0,287955,,0.0,0.0,excellent_match
448,tt2713180,Fury,2014,"Action, Drama, War",Movie,7.6,8,0.7777582969556671,8.0,587070,,0.0,0.0,excellent_match
449,tt1091191,Lone Survivor,2013,"Action, Drama, War, Biography",Movie,7.5,7,0.6666848805748216,7.0,317765,,0.0,0.0,excellent_match
450,tt3799694,The Nice Guys,2016,"Thriller, Crime, Comedy, Action, Mystery",Movie,7.4,8,0.7777500005727259,8.0,399932,,0.0,0.0,excellent_match
451,tt10810424,Dave Chappelle: Sticks & Stones,2019,Comedy,TV Special,8.3,8,0.7777873342959628,8.0,28634,,0.0,0.0,excellent_match
452,tt9395794,Armstrong,2019,"Documentary, Biography",Movie,7.1,8,0.7777375559983135,8.0,1097,,0.0,0.0,excellent_match
453,tt5095030,Ant-Man and the Wasp,2018,"Action, Adventure, Sci-Fi, Comedy",Movie,7.0,6,0.5555948714280926,6.0,479223,,0.0,0.0,excellent_match
454,tt1596363,The Big Short,2015,"Drama, Biography, Comedy, History",Movie,7.8,8,0.7777665933386086,8.0,518431,,0.0,0.0,excellent_match
455,tt2080374,Steve Jobs,2015,"Biography, Drama",Movie,7.2,7,0.6666724360004093,7.0,184423,,0.0,0.0,excellent_match
456,tt4530184,Aziz Ansari Live in Madison Square Garden,2015,Comedy,TV Special,6.6,8,0.7777168150409598,8.0,3395,,0.0,0.0,excellent_match
457,tt2294449,22 Jump Street,2014,"Comedy, Action, Crime",Movie,7.0,9,0.8888026759962181,9.0,427164,,0.0,0.0,excellent_match
458,tt5727208,Uncut Gems,2019,"Drama, Crime, Thriller",Movie,7.4,8,0.7777500005727259,8.0,338988,,0.0,0.0,excellent_match
459,tt1285016,The Social Network,2010,"Drama, Biography",Movie,7.8,8,0.7777665933386086,8.0,798217,,0.0,0.0,excellent_match
460,tt1155056,"I Love You, Man",2009,"Comedy, Romance",Movie,7.0,8,0.7777334078068426,8.0,222665,,0.0,0.0,excellent_match
461,tt0372183,The Bourne Supremacy,2004,"Thriller, Action, Mystery",Movie,7.7,9,0.8888317133365131,9.0,502987,,0.0,0.0,excellent_match
462,tt0804503,Mad Men,2007,Drama,TV Series,8.7,8,0.7778039270618456,8.0,278556,,0.0,0.0,excellent_match
463,tt0910936,Pineapple Express,2008,"Comedy, Crime, Action",Movie,6.9,9,0.8887985278047468,9.0,367416,,0.0,0.0,excellent_match
464,tt0829482,Superbad,2007,Comedy,Movie,7.6,9,0.8888275651450426,9.0,671478,,0.0,0.0,excellent_match
465,tt0405422,The 40-Year-Old Virgin,2005,"Comedy, Romance",Movie,7.1,9,0.8888068241876886,9.0,489358,,0.0,0.0,excellent_match
466,tt1232829,21 Jump Street,2012,"Action, Comedy, Crime",Movie,7.2,9,0.8888109723791595,9.0,628225,,0.0,0.0,excellent_match
467,tt0396269,Wedding Crashers,2005,"Comedy, Romance",Movie,7.0,9,0.8888026759962181,9.0,389954,,0.0,0.0,excellent_match
468,tt0800039,Forgetting Sarah Marshall,2008,"Comedy, Romance, Drama",Movie,7.1,9,0.8888068241876886,9.0,314124,,0.0,0.0,excellent_match
469,tt4566758,Mulan,2020,"Adventure, Drama, Action, Fantasy",Movie,5.8,1,0.00019875218356789503,1.0,165283,,0.0,0.0,excellent_match
470,tt8531222,Dave,2020,"Comedy, Music",TV Series,8.2,10,0.9999217224832423,10.0,27285,,0.0,0.0,excellent_match
471,tt0092099,Top Gun,1986,"Drama, Action",Movie,7.0,9,0.8888026759962181,9.0,535090,,0.0,0.0,excellent_match
472,tt9612516,Space Force,2020,Comedy,TV Series,6.7,7,0.6666516950430555,7.0,74086,,0.0,0.0,excellent_match
473,tt0430922,Role Models,2008,Comedy,Movie,6.8,10,0.9998636478026515,10.0,246918,,0.0,0.0,excellent_match
474,tt1226229,Get Him to the Greek,2010,"Comedy, Music",Movie,6.3,7,0.6666351022771723,7.0,188728,,0.0,0.0,excellent_match
475,tt0251160,John Q,2002,"Crime, Drama, Thriller",Movie,7.1,8,0.7777375559983135,8.0,150279,,0.0,0.0,excellent_match
476,tt5348176,Barry,2018,"Comedy, Crime, Drama, Action",TV Series,8.3,9,0.8888566024853376,9.0,135391,,0.0,0.0,excellent_match
477,tt0910970,WALL·E,2008,"Animation, Sci-Fi, Adventure, Family",Movie,8.4,6,0.5556529461086832,6.0,1275921,,0.0,0.0,excellent_match
478,tt1045658,Silver Linings Playbook,2012,"Comedy, Drama, Romance",Movie,7.7,8,0.7777624451471382,8.0,762889,,0.0,0.0,excellent_match
479,tt1599348,Safe House,2012,"Thriller, Action",Movie,6.7,8,0.7777209632324306,8.0,245225,,0.0,0.0,excellent_match
480,tt0790636,Dallas Buyers Club,2013,"Drama, Biography",Movie,7.9,8,0.7777707415300797,8.0,538249,,0.0,0.0,excellent_match
481,tt0181689,Minority Report,2002,"Crime, Sci-Fi, Mystery, Thriller, Action",Movie,7.6,9,0.8888275651450426,9.0,607612,,0.0,0.0,excellent_match
482,tt0386676,The Office,2005,Comedy,TV Series,9.0,8,0.7778163716362578,8.0,788350,,0.0,0.0,excellent_match
483,tt4786824,The Crown,2016,"Drama, History, Biography",TV Series,8.6,10,0.9999383152491248,10.0,272793,,0.0,0.0,excellent_match
484,tt0076759,Star Wars: Episode IV - A New Hope,1977,"Sci-Fi, Adventure, Fantasy, Action",Movie,8.6,9,0.8888690470597501,9.0,1526806,,0.0,0.0,excellent_match
485,tt1483013,Oblivion,2013,"Action, Sci-Fi, Adventure",Movie,7.0,10,0.999871944185593,10.0,575503,,0.0,0.0,excellent_match
486,tt0261392,Jay and Silent Bob Strike Back,2001,Comedy,Movie,6.8,6,0.5555865750451512,6.0,164694,,0.0,0.0,excellent_match
487,tt1790864,The Maze Runner,2014,"Sci-Fi, Mystery, Thriller, Action",Movie,6.8,7,0.6666558432345262,7.0,542365,,0.0,0.0,excellent_match
488,tt0121955,South Park,1997,"Animation, Comedy",TV Series,8.7,9,0.8888731952512204,9.0,428901,,0.0,0.0,excellent_match
489,tt1796960,Homeland,2011,"Drama, Mystery, Thriller, Crime",TV Series,8.3,8,0.7777873342959628,8.0,371288,,0.0,0.0,excellent_match
490,tt1490017,The Lego Movie,2014,"Animation, Comedy, Family, Adventure, Fantasy, Sci-Fi, Action",Movie,7.7,8,0.7777624451471382,8.0,405725,,0.0,0.0,excellent_match
491,tt0079817,Rocky II,1979,"Sport, Drama",Movie,7.3,8,0.7777458523812548,8.0,242878,,0.0,0.0,excellent_match
492,tt1790885,Zero Dark Thirty,2012,"Thriller, Drama, History",Movie,7.4,9,0.8888192687621009,9.0,333083,,0.0,0.0,excellent_match
493,tt4955642,The Good Place,2016,"Comedy, Fantasy, Romance, Drama, Mystery",TV Series,8.2,9,0.8888524542938671,9.0,210273,,0.0,0.0,excellent_match
494,tt0364845,NCIS,2003,"Drama, Action, Crime, Mystery, Thriller",TV Series,7.8,10,0.9999051297173591,10.0,172475,,0.0,0.0,excellent_match
495,tt0080684,Star Wars: Episode V - The Empire Strikes Back,1980,"Fantasy, Sci-Fi, Adventure, Action",Movie,8.7,9,0.8888731952512204,9.0,1460064,,0.0,0.0,excellent_match
496,tt4270492,Billions,2016,Drama,TV Series,8.3,7,0.6667180661065871,7.0,115324,,0.0,0.0,excellent_match
497,tt0086190,Star Wars: Episode VI - Return of the Jedi,1983,"Sci-Fi, Adventure, Action, Fantasy",Movie,8.3,9,0.8888566024853376,9.0,1177615,,0.0,0.0,excellent_match
498,tt0119217,Good Will Hunting,1997,"Romance, Drama",Movie,8.3,10,0.9999258706747133,10.0,1154027,,0.0,0.0,excellent_match
499,tt1205489,Gran Torino,2008,Drama,Movie,8.1,5,0.4445712333448956,5.0,845517,,0.0,0.0,excellent_match
500,tt2543312,Halt and Catch Fire,2014,Drama,TV Series,8.4,10,0.9999300188661842,10.0,37167,,0.0,0.0,excellent_match
501,tt1759761,Veep,2012,Comedy,TV Series,8.4,10,0.9999300188661842,10.0,69217,,0.0,0.0,excellent_match
502,tt0095016,Die Hard,1988,"Thriller, Action",Movie,8.2,9,0.8888524542938671,9.0,998309,,0.0,0.0,excellent_match
503,tt0496424,30 Rock,2006,Comedy,TV Series,8.3,9,0.8888566024853376,9.0,135996,,0.0,0.0,excellent_match
504,tt1010048,Slumdog Millionaire,2008,"Drama, Romance, Crime",Movie,8.0,10,0.9999134261003005,10.0,898933,,0.0,0.0,excellent_match
505,tt0477348,No Country for Old Men,2007,"Thriller, Crime, Drama",Movie,8.2,7,0.6667139179151171,7.0,1140445,,0.0,0.0,excellent_match
506,tt0887912,The Hurt Locker,2008,"Thriller, Drama, War",Movie,7.5,7,0.6666848805748216,7.0,487331,,0.0,0.0,excellent_match
507,tt0120338,Titanic,1997,"Romance, Drama",Movie,7.9,7,0.6667014733407045,7.0,1352380,,0.0,0.0,excellent_match
508,tt0088763,Back to the Future,1985,"Comedy, Sci-Fi, Adventure",Movie,8.5,9,0.8888648988682792,9.0,1395830,,0.0,0.0,excellent_match
509,tt0094737,Big,1988,"Drama, Romance, Comedy, Fantasy",Movie,7.3,10,0.9998843887600057,10.0,252383,,0.0,0.0,excellent_match
510,tt4008652,I Am Ali,2014,"Documentary, Biography, Sport",Movie,7.2,10,0.9998802405685344,10.0,4160,,0.0,0.0,excellent_match
511,tt1282140,Easy A,2010,"Comedy, Romance, Drama",Movie,7.0,9,0.8888026759962181,9.0,434828,,0.0,0.0,excellent_match
512,tt2582802,Whiplash,2014,"Drama, Music",Movie,8.5,7,0.6667263624895292,7.0,1092692,,0.0,0.0,excellent_match
513,tt4669788,On the Basis of Sex,2018,"Drama, Biography, History",Movie,7.1,9,0.8888068241876886,9.0,41321,,0.0,0.0,excellent_match
514,tt6266538,Vice,2018,"Biography, Drama, Comedy, History",Movie,7.2,10,0.9998802405685344,10.0,170698,,0.0,0.0,excellent_match
515,tt1477834,Aquaman,2018,"Action, Adventure, Sci-Fi, Fantasy",Movie,6.8,7,0.6666558432345262,7.0,542285,,0.0,0.0,excellent_match
516,tt1571234,Mortal Engines,2018,"Sci-Fi, Fantasy, Action, Thriller, Adventure",Movie,6.1,7,0.6666268058942311,7.0,149552,,0.0,0.0,excellent_match
517,tt1213641,First Man,2018,"Drama, Biography, History",Movie,7.3,10,0.9998843887600057,10.0,211800,,0.0,0.0,excellent_match
518,tt3766354,The Equalizer 2,2018,"Action, Crime, Thriller, Mystery",Movie,6.7,8,0.7777209632324306,8.0,219584,,0.0,0.0,excellent_match
519,tt5580036,"I, Tonya",2017,"Biography, Drama, Sport, Comedy",Movie,7.5,8,0.7777541487641967,8.0,255369,,0.0,0.0,excellent_match
520,tt1677720,Ready Player One,2018,"Sci-Fi, Action, Adventure",Movie,7.4,9,0.8888192687621009,9.0,524126,,0.0,0.0,excellent_match
521,tt1392190,Mad Max: Fury Road,2015,"Action, Adventure, Sci-Fi",Movie,8.1,8,0.7777790379130209,8.0,1177107,,0.0,0.0,excellent_match
522,tt1413492,12 Strong,2018,"Drama, War, History, Action",Movie,6.5,8,0.7777126668494891,8.0,97971,,0.0,0.0,excellent_match
523,tt4555426,Darkest Hour,2017,"Drama, War, Biography, History",Movie,7.4,10,0.9998885369514766,10.0,234052,,0.0,0.0,excellent_match
524,tt5027774,"Three Billboards Outside Ebbing, Missouri",2017,"Crime, Drama, Comedy",Movie,8.1,8,0.7777790379130209,8.0,589115,,0.0,0.0,excellent_match
525,tt3774114,Snowden,2016,"Drama, Thriller, Biography, Crime",Movie,7.3,9,0.8888151205706301,9.0,169461,,0.0,0.0,excellent_match
526,tt2872732,Lucy,2014,"Action, Sci-Fi, Thriller",Movie,6.4,6,0.5555699822792679,6.0,563463,,0.0,0.0,excellent_match
527,tt1419318,Facing Ali,2009,"Documentary, Sport, Biography",Movie,7.9,10,0.99990927790883,10.0,3845,,0.0,0.0,excellent_match
528,tt0169547,American Beauty,1999,Drama,Movie,8.3,8,0.7777873342959628,8.0,1257501,,0.0,0.0,excellent_match
529,tt1840309,Divergent,2014,"Mystery, Sci-Fi, Adventure, Action, Drama",Movie,6.6,8,0.7777168150409598,8.0,509077,,0.0,0.0,excellent_match
530,tt1800241,American Hustle,2013,"Drama, Crime",Movie,7.2,8,0.7777417041897845,8.0,512001,,0.0,0.0,excellent_match
531,tt4622512,Battle of the Sexes,2017,"Comedy, Biography, Sport, Drama, History",Movie,6.7,9,0.8887902314218056,9.0,62408,,0.0,0.0,excellent_match
532,tt3488710,The Walk,2015,"Adventure, Biography, Drama",Movie,7.3,9,0.8888151205706301,9.0,139557,,0.0,0.0,excellent_match
533,tt0343818,"I, Robot",2004,"Action, Mystery, Sci-Fi, Thriller",Movie,7.1,10,0.9998760923770639,10.0,601413,,0.0,0.0,excellent_match
534,tt0382625,The Da Vinci Code,2006,"Thriller, Mystery",Movie,6.6,8,0.7777168150409598,8.0,475924,,0.0,0.0,excellent_match
535,tt1408101,Star Trek Into Darkness,2013,"Action, Adventure, Sci-Fi",Movie,7.7,10,0.9999009815258881,10.0,505563,,0.0,0.0,excellent_match
536,tt0448157,Hancock,2008,"Action, Comedy, Fantasy, Drama",Movie,6.4,8,0.7777085186580183,8.0,530523,,0.0,0.0,excellent_match
537,tt0356910,Mr. & Mrs. Smith,2005,"Comedy, Crime, Thriller, Action",Movie,6.5,9,0.8887819350388642,9.0,574386,,0.0,0.0,excellent_match
538,tt4044364,Citizenfour,2014,"Documentary, Biography",Movie,8.0,10,0.9999134261003005,10.0,59322,,0.0,0.0,excellent_match
539,tt1272878,2 Guns,2013,"Action, Thriller, Comedy, Crime",Movie,6.7,9,0.8887902314218056,9.0,233434,,0.0,0.0,excellent_match
540,tt0266697,Kill Bill: Vol. 1,2003,"Action, Thriller, Crime",Movie,8.2,10,0.9999217224832423,10.0,1263570,,0.0,0.0,excellent_match
541,tt5727282,Borg vs. McEnroe,2017,"Drama, Sport, Biography",Movie,6.9,9,0.8887985278047468,9.0,35578,,0.0,0.0,excellent_match
542,tt0093058,Full Metal Jacket,1987,"Drama, War",Movie,8.2,8,0.7777831861044918,8.0,830036,,0.0,0.0,excellent_match
543,tt0458352,The Devil Wears Prada,2006,"Drama, Comedy",Movie,7.0,8,0.7777334078068426,8.0,507602,,0.0,0.0,excellent_match
544,tt9218128,Gladiator II,2024,"Action, Adventure, Drama",Movie,6.5,8,0.7777126668494891,8.0,268171,,0.0,0.0,excellent_match
