Const,Your Rating,Date Rated,Title,Original Title,URL,Title Type,IMDb Rating,Runtime (mins),Year,Genres,Num Votes,Release Date,Directors
tt9218128,8,2025-03-09,"Gladiator II","Gladiator II",https://www.imdb.com/title/tt9218128,Movie,6.5,148,2024,"Action, Adventure, Drama",268171,"2024-11-22","Ridley Scott"
tt1408101,10,2025-03-09,"Star Trek Into Darkness","Star Trek Into Darkness",https://www.imdb.com/title/tt1408101,Movie,7.7,132,2013,"Action, Adventure, Sci-Fi",505563,"2013-05-16","J.J. Abrams"
tt0425112,9,2025-03-09,"Hot Fuzz","Hot Fuzz",https://www.imdb.com/title/tt0425112,Movie,7.8,121,2007,"Comedy, Action, Mystery, Thriller",555880,"2007-04-20","Edgar Wright"
tt0783233,5,2025-03-09,"Atonement","Atonement",https://www.imdb.com/title/tt0783233,Movie,7.8,123,2007,"Drama, Romance, Mystery, War",318060,"2008-01-11","Joe Wright"
tt0206634,8,2025-03-09,"Children of Men","Children of Men",https://www.imdb.com/title/tt0206634,Movie,7.9,109,2006,"Thriller, Drama, Sci-Fi",552475,"2007-01-05","Alfonso Cuarón"
tt0310793,9,2025-03-09,"Bowling for Columbine","Bowling for Columbine",https://www.imdb.com/title/tt0310793,Movie,8.0,120,2002,"Documentary, Crime, Drama",151196,"2002-11-15","Michael Moore"
tt0319061,5,2025-03-09,"Big Fish","Big Fish",https://www.imdb.com/title/tt0319061,Movie,8.0,125,2003,"Fantasy, Adventure, Romance, Drama",471799,"2004-01-09","Tim Burton"
tt0208092,7,2025-03-09,"Snatch","Snatch",https://www.imdb.com/title/tt0208092,Movie,8.2,102,2000,"Comedy, Crime",953973,"2001-01-19","Guy Ritchie"
tt0435761,8,2025-03-09,"Toy Story 3","Toy Story 3",https://www.imdb.com/title/tt0435761,Movie,8.3,103,2010,"Animation, Adventure, Comedy, Family, Fantasy",941533,"2010-06-18","Lee Unkrich"
tt0172156,9,2025-03-03,"Bad Boys II","Bad Boys II",https://www.imdb.com/title/tt0172156,Movie,6.6,147,2003,"Crime, Thriller, Comedy, Action",282863,"2003-07-18","Michael Bay"
tt0443453,8,2025-03-03,"Borat","Borat: Cultural Learnings of America for Make Benefit Glorious Nation of Kazakhstan",https://www.imdb.com/title/tt0443453,Movie,7.4,84,2006,"Comedy",464636,"2006-11-03","Larry Charles"
tt1119646,7,2025-03-03,"The Hangover","The Hangover",https://www.imdb.com/title/tt1119646,Movie,7.7,100,2009,"Comedy",898280,"2009-06-05","Todd Phillips"
tt2802144,7,2025-03-03,"Kingsman: The Secret Service","Kingsman: The Secret Service",https://www.imdb.com/title/tt2802144,Movie,7.7,129,2014,"Adventure, Action, Comedy, Thriller",759455,"2015-02-13","Matthew Vaughn"
tt0129167,10,2025-02-24,"The Iron Giant","The Iron Giant",https://www.imdb.com/title/tt0129167,Movie,8.1,86,1999,"Animation, Adventure, Action, Comedy, Drama, Sci-Fi, Family",249134,"1999-08-06","Brad Bird"
tt1049413,5,2025-02-24,"Up","Up",https://www.imdb.com/title/tt1049413,Movie,8.3,96,2009,"Animation, Family, Adventure, Comedy, Drama",1196347,"2009-05-29","Pete Docter,Bob Peterson"
tt6398184,10,2025-01-20,"Downton Abbey","Downton Abbey",https://www.imdb.com/title/tt6398184,Movie,7.4,122,2019,"Drama, Romance",67641,"2019-09-20","Michael Engler"
tt2640044,10,2024-12-28,"Masters of the Air","Masters of the Air",https://www.imdb.com/title/tt2640044,TV Mini Series,7.8,56,2024,"War, Drama, Action, History",65922,"2024-01-26",
tt15677150,10,2024-12-28,"Shrinking","Shrinking",https://www.imdb.com/title/tt15677150,TV Series,8.1,33,2023,"Comedy, Drama",104833,"2023-01-27",
tt0942385,10,2024-11-10,"Tropic Thunder","Tropic Thunder",https://www.imdb.com/title/tt0942385,Movie,7.1,107,2008,"Comedy, Action, War",474896,"2008-08-13","Ben Stiller"
tt0356150,10,2024-11-10,"EuroTrip","EuroTrip",https://www.imdb.com/title/tt0356150,Movie,6.6,92,2004,"Comedy",237061,"2004-02-20","Jeff Schaffer,Alec Berg,David Mandel"
tt0134847,8,2024-11-10,"Pitch Black","Pitch Black",https://www.imdb.com/title/tt0134847,Movie,7.0,109,2000,"Thriller, Sci-Fi, Horror",260394,"2000-02-18","David Twohy"
tt2421662,10,2024-08-31,"The Challenger Disaster","The Challenger",https://www.imdb.com/title/tt2421662,TV Movie,7.2,90,2013,"Drama, History",4707,"2013-11-16","James Hawes"
tt15239678,9,2024-07-26,"Dune: Part Two","Dune: Part Two",https://www.imdb.com/title/tt15239678,Movie,8.5,166,2024,"Adventure, Drama, Sci-Fi, Action",657116,"2024-03-01","Denis Villeneuve"
tt4236770,8,2024-07-22,"Yellowstone","Yellowstone",https://www.imdb.com/title/tt4236770,TV Series,8.6,60,2018,"Drama, Western",285291,"2018-06-20",
tt0097372,10,2024-06-13,"For All Mankind","For All Mankind",https://www.imdb.com/title/tt0097372,Movie,8.1,80,1989,"Documentary, History",6956,"1989-05-19","Al Reinert"
tt8367814,8,2024-06-09,"The Gentlemen","The Gentlemen",https://www.imdb.com/title/tt8367814,Movie,7.8,113,2019,"Action, Crime",439443,"2020-01-24","Guy Ritchie"
tt0112508,8,2024-06-09,"Billy Madison","Billy Madison",https://www.imdb.com/title/tt0112508,Movie,6.4,89,1995,"Comedy",164174,"1995-02-10","Tamra Davis"
tt4649466,7,2024-06-09,"Kingsman: The Golden Circle","Kingsman: The Golden Circle",https://www.imdb.com/title/tt4649466,Movie,6.7,141,2017,"Action, Adventure, Comedy, Crime, Thriller",390627,"2017-09-22","Matthew Vaughn"
tt1386588,10,2024-06-09,"The Other Guys","The Other Guys",https://www.imdb.com/title/tt1386588,Movie,6.7,107,2010,"Action, Comedy, Crime, Thriller",301784,"2010-08-06","Adam McKay"
tt0096928,8,2024-06-09,"Bill & Ted's Excellent Adventure","Bill & Ted's Excellent Adventure",https://www.imdb.com/title/tt0096928,Movie,6.9,90,1989,"Sci-Fi, Music, Romance, Comedy, Adventure",146914,"1989-02-17","Stephen Herek"
tt0251075,9,2024-06-09,"Evolution","Evolution",https://www.imdb.com/title/tt0251075,Movie,6.1,101,2001,"Sci-Fi, Comedy",140354,"2001-06-08","Ivan Reitman"
tt0177789,10,2024-06-09,"Galaxy Quest","Galaxy Quest",https://www.imdb.com/title/tt0177789,Movie,7.4,102,1999,"Adventure, Sci-Fi, Comedy",187250,"1999-12-25","Dean Parisot"
tt1636826,10,2024-06-06,"Project X","Project X",https://www.imdb.com/title/tt1636826,Movie,6.7,88,2012,"Comedy",249030,"2012-03-02","Nima Nourizadeh"
tt1160419,9,2024-06-06,"Dune: Part One","Dune: Part One",https://www.imdb.com/title/tt1160419,Movie,8.0,155,2021,"Sci-Fi, Adventure, Drama, Action",971856,"2021-10-22","Denis Villeneuve"
tt0091217,8,2024-03-26,"Hoosiers","Hoosiers",https://www.imdb.com/title/tt0091217,Movie,7.4,114,1986,"Sport, Drama",55363,"1987-02-27","David Anspaugh"
tt1489889,8,2024-03-26,"Central Intelligence","Central Intelligence",https://www.imdb.com/title/tt1489889,Movie,6.3,107,2016,"Comedy, Crime, Action",229526,"2016-06-17","Rawson Marshall Thurber"
tt2302755,8,2024-03-26,"Olympus Has Fallen","Olympus Has Fallen",https://www.imdb.com/title/tt2302755,Movie,6.5,119,2013,"Action, Thriller",301820,"2013-03-22","Antoine Fuqua"
tt0800080,5,2024-03-26,"The Incredible Hulk","The Incredible Hulk",https://www.imdb.com/title/tt0800080,Movie,6.6,112,2008,"Action, Sci-Fi, Adventure",550435,"2008-06-13","Louis Leterrier"
tt0106918,9,2024-03-26,"The Firm","The Firm",https://www.imdb.com/title/tt0106918,Movie,6.9,154,1993,"Thriller, Mystery, Drama",156570,"1993-06-30","Sydney Pollack"
tt2788316,10,2024-03-25,"Shōgun","Shogun",https://www.imdb.com/title/tt2788316,TV Series,8.6,60,2024,"Drama, History, Adventure, War, Action",225181,"2024-02-27",
tt3532216,10,2024-03-09,"American Made","American Made",https://www.imdb.com/title/tt3532216,Movie,7.1,115,2017,"Crime, Action, Comedy, Drama, Thriller",224133,"2017-09-29","Doug Liman"
tt16419074,8,2024-01-19,"Air","Air",https://www.imdb.com/title/tt16419074,Movie,7.4,111,2023,"Drama, Sport",186699,"2023-04-05","Ben Affleck"
tt0453562,7,2024-01-19,"42","42",https://www.imdb.com/title/tt0453562,Movie,7.5,128,2013,"Drama, Sport, Biography",106635,"2013-04-12","Brian Helgeland"
tt1245492,5,2024-01-19,"This Is the End","This Is the End",https://www.imdb.com/title/tt1245492,Movie,6.6,107,2013,"Comedy, Fantasy",447433,"2013-06-12","Evan Goldberg,Seth Rogen"
tt0465538,7,2024-01-19,"Michael Clayton","Michael Clayton",https://www.imdb.com/title/tt0465538,Movie,7.2,119,2007,"Drama, Thriller, Crime, Mystery",180412,"2007-10-12","Tony Gilroy"
tt1385826,7,2024-01-19,"The Adjustment Bureau","The Adjustment Bureau",https://www.imdb.com/title/tt1385826,Movie,7.0,106,2011,"Romance, Thriller, Sci-Fi, Crime, Mystery, Drama",278425,"2011-03-04","George Nolfi"
tt1013743,8,2024-01-19,"Knight and Day","Knight and Day",https://www.imdb.com/title/tt1013743,Movie,6.3,109,2010,"Comedy, Action, Adventure",220251,"2010-06-23","James Mangold"
tt0293662,9,2024-01-19,"The Transporter","The Transporter",https://www.imdb.com/title/tt0293662,Movie,6.8,92,2002,"Crime, Thriller, Action",332632,"2002-10-11","Louis Leterrier,Corey Yuen"
tt0061512,6,2024-01-17,"Cool Hand Luke","Cool Hand Luke",https://www.imdb.com/title/tt0061512,Movie,8.0,127,1967,"Crime, Drama",195102,"1967-11-01","Stuart Rosenberg"
tt1950186,9,2024-01-17,"Ford v Ferrari","Ford v Ferrari",https://www.imdb.com/title/tt1950186,Movie,8.1,152,2019,"Action, Drama, Biography, Sport",537465,"2019-11-15","James Mangold"
tt0350258,7,2024-01-05,"Ray","Ray",https://www.imdb.com/title/tt0350258,Movie,7.7,152,2004,"Music, Biography, Drama",162373,"2004-10-29","Taylor Hackford"
tt2245084,7,2024-01-05,"Big Hero 6","Big Hero 6",https://www.imdb.com/title/tt2245084,Movie,7.8,102,2014,"Animation, Action, Family, Sci-Fi, Adventure, Comedy, Crime",535779,"2014-11-07","Don Hall,Chris Williams"
tt0368008,7,2024-01-05,"The Manchurian Candidate","The Manchurian Candidate",https://www.imdb.com/title/tt0368008,Movie,6.6,129,2004,"Thriller, Mystery, Drama, Sci-Fi",121114,"2004-07-30","Jonathan Demme"
tt0116695,9,2024-01-05,"Jerry Maguire","Jerry Maguire",https://www.imdb.com/title/tt0116695,Movie,7.3,139,1996,"Sport, Romance, Drama, Comedy",301896,"1996-12-13","Cameron Crowe"
tt13622776,8,2024-01-01,"Ahsoka","Ahsoka",https://www.imdb.com/title/tt13622776,TV Series,7.4,50,2023,"Action, Adventure, Fantasy, Sci-Fi",134280,"2023-08-22",
tt6718170,9,2023-12-17,"The Super Mario Bros. Movie","The Super Mario Bros. Movie",https://www.imdb.com/title/tt6718170,Movie,7.0,92,2023,"Animation, Adventure, Family, Comedy, Fantasy",274530,"2023-04-05","Aaron Horvath,Michael Jelenic,Pierre Leduc,Fabien Polack"
tt15398776,8,2023-12-01,"Oppenheimer","Oppenheimer",https://www.imdb.com/title/tt15398776,Movie,8.3,180,2023,"Biography, Drama, History",925082,"2023-07-21","Christopher Nolan"
tt0094226,8,2023-07-08,"The Untouchables","The Untouchables",https://www.imdb.com/title/tt0094226,Movie,7.8,119,1987,"Thriller, Drama, Crime",346393,"1987-06-03","Brian De Palma"
tt0104868,9,2023-07-08,"The Mighty Ducks","The Mighty Ducks",https://www.imdb.com/title/tt0104868,Movie,6.6,104,1992,"Sport, Drama, Comedy, Family",74844,"1992-10-02","Stephen Herek"
tt0388980,8,2023-07-08,"The Greatest Game Ever Played","The Greatest Game Ever Played",https://www.imdb.com/title/tt0388980,Movie,7.4,120,2005,"Drama, Sport, Biography",35201,"2005-09-30","Bill Paxton"
tt0349825,10,2023-07-08,"Miracle","Miracle",https://www.imdb.com/title/tt0349825,Movie,7.5,135,2004,"Sport, History, Biography, Drama",61851,"2004-02-06","Gavin O'Connor"
tt0108002,8,2023-07-08,"Rudy","Rudy",https://www.imdb.com/title/tt0108002,Movie,7.5,114,1993,"Sport, Biography, Drama",72380,"1993-10-22","David Anspaugh"
tt0878804,9,2023-07-08,"The Blind Side","The Blind Side",https://www.imdb.com/title/tt0878804,Movie,7.6,129,2009,"Drama, Sport, Biography",377929,"2009-11-20","John Lee Hancock"
tt0210945,10,2023-07-08,"Remember the Titans","Remember the Titans",https://www.imdb.com/title/tt0210945,Movie,7.8,113,2000,"Sport, Biography, Comedy, Drama",242577,"2000-09-29","Boaz Yakin"
tt0393162,7,2023-07-08,"Coach Carter","Coach Carter",https://www.imdb.com/title/tt0393162,Movie,7.3,136,2005,"Drama, Sport, Biography",183297,"2005-01-14","Thomas Carter"
tt7161894,8,2023-07-08,"As Above, So Below: The Underworld of 'John Wick'","As Above, So Below: The Underworld of 'John Wick'",https://www.imdb.com/title/tt7161894,Video,7.7,5,2017,"Documentary, Short",39739,"2017-06-13","Josh Oreck"
tt0117060,7,2023-07-08,"Mission: Impossible","Mission: Impossible",https://www.imdb.com/title/tt0117060,Movie,7.2,110,1996,"Thriller, Adventure, Action",503945,"1996-05-22","Brian De Palma"
tt0146838,9,2023-03-10,"Any Given Sunday","Any Given Sunday",https://www.imdb.com/title/tt0146838,Movie,6.9,162,1999,"Sport, Drama",129302,"1999-12-22","Oliver Stone"
tt0305224,5,2023-03-10,"Anger Management","Anger Management",https://www.imdb.com/title/tt0305224,Movie,6.3,106,2003,"Comedy",236875,"2003-04-11","Peter Segal"
tt17511190,7,2023-03-10,"Facing Nolan","Facing Nolan",https://www.imdb.com/title/tt17511190,Movie,7.9,102,2022,"Documentary, Biography, Sport",2013,"2022-03-12","Bradley Jackson"
tt0191397,10,2023-03-10,"The Replacements","The Replacements",https://www.imdb.com/title/tt0191397,Movie,6.6,118,2000,"Sport, Comedy",72687,"2000-08-11","Howard Deutch"
tt0106611,10,2023-03-10,"Cool Runnings","Cool Runnings",https://www.imdb.com/title/tt0106611,Movie,7.0,98,1993,"Sport, Adventure, Family, History, Comedy",118833,"1993-10-01","Jon Turteltaub"
tt0181984,9,2023-03-10,"Boiler Room","Boiler Room",https://www.imdb.com/title/tt0181984,Movie,7.0,120,2000,"Crime, Drama, Thriller",58687,"2000-02-18","Ben Younger"
tt1398426,8,2023-03-10,"Straight Outta Compton","Straight Outta Compton",https://www.imdb.com/title/tt1398426,Movie,7.8,147,2015,"Musical, Biography, Music, Drama, History",229162,"2015-08-14","F. Gary Gray"
tt0094812,8,2023-03-10,"Bull Durham","Bull Durham",https://www.imdb.com/title/tt0094812,Movie,7.0,108,1988,"Sport, Romance, Comedy",62535,"1988-06-15","Ron Shelton"
tt0298203,10,2023-03-10,"8 Mile","8 Mile",https://www.imdb.com/title/tt0298203,Movie,7.2,110,2002,"Music, Drama",341992,"2002-11-08","Curtis Hanson"
tt0097815,9,2023-03-10,"Major League","Major League",https://www.imdb.com/title/tt0097815,Movie,7.2,107,1989,"Sport, Comedy",80688,"1989-04-07","David S. Ward"
tt0352248,7,2023-03-10,"Cinderella Man","Cinderella Man",https://www.imdb.com/title/tt0352248,Movie,8.0,144,2005,"Sport, Biography, Romance, Drama",205532,"2005-06-03","Ron Howard"
tt21837726,9,2023-03-10,"The Redeem Team","The Redeem Team",https://www.imdb.com/title/tt21837726,Movie,7.4,97,2022,"Documentary, History, Sport",12074,"2022-10-07","Jon Weinbach"
tt1074638,7,2023-03-10,"Skyfall","Skyfall",https://www.imdb.com/title/tt1074638,Movie,7.8,143,2012,"Action, Thriller, Adventure",755739,"2012-11-09","Sam Mendes"
tt9114286,7,2023-03-10,"Black Panther: Wakanda Forever","Black Panther: Wakanda Forever",https://www.imdb.com/title/tt9114286,Movie,6.6,161,2022,"Action, Adventure, Sci-Fi, Drama",338881,"2022-11-11","Ryan Coogler"
tt6710474,1,2023-03-10,"Everything Everywhere All at Once","Everything Everywhere All at Once",https://www.imdb.com/title/tt6710474,Movie,7.8,139,2022,"Sci-Fi, Adventure, Comedy, Fantasy, Action, Drama",589240,"2022-04-08","Daniel Kwan,Daniel Scheinert"
tt2119532,9,2023-02-08,"Hacksaw Ridge","Hacksaw Ridge",https://www.imdb.com/title/tt2119532,Movie,8.1,139,2016,"Drama, War, History, Biography",648560,"2016-11-04","Mel Gibson"
tt2076298,9,2023-01-29,"Ip Man 4: The Finale","Yip Man 4",https://www.imdb.com/title/tt2076298,Movie,7.0,107,2019,"Action, Biography, Drama, History",39346,"2019-12-20","Wilson Yip"
tt2888046,9,2023-01-29,"Ip Man 3","Yip Man 3",https://www.imdb.com/title/tt2888046,Movie,7.0,105,2015,"Action, Biography, Drama, History, Crime",63022,"2015-12-24","Wilson Yip"
tt1386932,9,2023-01-29,"Ip Man 2","Yip Man 2",https://www.imdb.com/title/tt1386932,Movie,7.5,108,2010,"Action, Biography, Drama, History",114638,"2010-04-29","Wilson Yip"
tt1220719,9,2023-01-29,"Ip Man","Ip Man",https://www.imdb.com/title/tt1220719,Movie,8.0,106,2008,"Action, Drama, Biography, War",239811,"2008-12-12","Wilson Yip"
tt13720112,9,2022-10-30,"The Empress","The Empress",https://www.imdb.com/title/tt13720112,TV Series,7.8,60,2022,"Drama, Romance, History",20100,"2022-09-29",
tt10244600,10,2022-10-09,"Winning Time: The Rise of the Lakers Dynasty","Winning Time: The Rise of the Lakers Dynasty",https://www.imdb.com/title/tt10244600,TV Series,8.3,60,2022,"Drama, Sport, Biography",31237,"2022-03-06",
tt9253284,10,2022-10-09,"Andor","Andor",https://www.imdb.com/title/tt9253284,TV Series,8.6,60,2022,"Sci-Fi, Thriller, Action, Adventure, Fantasy",244019,"2022-09-21",
tt11502498,9,2022-10-09,"Kenobi: A Star Wars Fan Film","Kenobi: A Star Wars Fan Film",https://www.imdb.com/title/tt11502498,Short,7.0,19,2019,"Short, Adventure, Fantasy, Sci-Fi, Action",36033,"2019-12-24","Jason Satterlund"
tt2382320,8,2022-10-06,"No Time to Die","No Time to Die",https://www.imdb.com/title/tt2382320,Movie,7.3,163,2021,"Action, Thriller, Adventure",470149,"2021-10-08","Cary Joji Fukunaga"
tt0469494,6,2022-10-03,"There Will Be Blood","There Will Be Blood",https://www.imdb.com/title/tt0469494,Movie,8.2,158,2007,"Drama",679512,"2008-01-25","Paul Thomas Anderson"
tt0110413,9,2022-10-03,"Léon: The Professional","Léon",https://www.imdb.com/title/tt0110413,Movie,8.5,110,1994,"Action, Drama, Crime, Thriller",1314942,"1994-11-18","Luc Besson"
tt9419884,7,2022-09-28,"Doctor Strange in the Multiverse of Madness","Doctor Strange in the Multiverse of Madness",https://www.imdb.com/title/tt9419884,Movie,6.9,126,2022,"Action, Fantasy, Adventure, Sci-Fi",523959,"2022-05-06","Sam Raimi"
tt0248667,10,2022-09-28,"Ali","Ali",https://www.imdb.com/title/tt0248667,Movie,6.7,157,2001,"Sport, Biography, Drama",108765,"2001-12-25","Michael Mann"
tt1615147,7,2022-09-28,"Margin Call","Margin Call",https://www.imdb.com/title/tt1615147,Movie,7.1,107,2011,"Thriller, Drama",154784,"2011-09-29","J.C. Chandor"
tt0120188,8,2022-09-28,"Three Kings","Three Kings",https://www.imdb.com/title/tt0120188,Movie,7.1,114,1999,"Adventure, Comedy, Drama, War, Action",185144,"1999-10-01","David O. Russell"
tt0443272,7,2022-09-28,"Lincoln","Lincoln",https://www.imdb.com/title/tt0443272,Movie,7.3,150,2012,"Drama, Biography, History, War",280401,"2012-11-16","Steven Spielberg"
tt3322364,8,2022-09-28,"Concussion","Concussion",https://www.imdb.com/title/tt3322364,Movie,7.1,123,2015,"Drama, Sport, Biography",103414,"2015-12-25","Peter Landesman"
tt3973820,10,2022-09-28,"Red Oaks","Red Oaks",https://www.imdb.com/title/tt3973820,TV Series,7.9,30,2014,"Comedy, Drama, Sport",13547,"2014-08-28",
tt15180134,10,2022-09-28,"Reboot","Reboot",https://www.imdb.com/title/tt15180134,TV Series,7.4,30,2022,"Comedy",9996,"2022-09-20",
tt7631058,9,2022-09-07,"The Lord of the Rings: The Rings of Power","The Lord of the Rings: The Rings of Power",https://www.imdb.com/title/tt7631058,TV Series,6.9,60,2022,"Adventure, Fantasy, Action, Drama",429323,"2022-09-01",
tt8009428,10,2022-08-29,"Hustle","Hustle",https://www.imdb.com/title/tt8009428,Movie,7.3,117,2022,"Sport, Comedy, Drama",157616,"2022-06-08","Jeremiah Zagar"
tt8466564,10,2022-08-29,"Obi-Wan Kenobi","Obi-Wan Kenobi",https://www.imdb.com/title/tt8466564,TV Mini Series,7.0,45,2022,"Sci-Fi, Action, Adventure",253103,"2022-05-27",
tt11198330,10,2022-08-29,"House of the Dragon","House of the Dragon",https://www.imdb.com/title/tt11198330,TV Series,8.3,60,2022,"Fantasy, Action, Adventure, Drama, Romance",485486,"2022-08-21",
tt6328046,10,2022-07-28,"What's My Name: Muhammad Ali","What's My Name: Muhammad Ali",https://www.imdb.com/title/tt6328046,Movie,8.4,165,2019,"Documentary, Biography, Sport",2606,"2019-05-15","Antoine Fuqua"
tt1745960,10,2022-07-28,"Top Gun: Maverick","Top Gun: Maverick",https://www.imdb.com/title/tt1745960,Movie,8.2,130,2022,"Action, Drama",797363,"2022-05-27","Joseph Kosinski"
tt4276820,9,2022-06-07,"The Founder","The Founder",https://www.imdb.com/title/tt4276820,Movie,7.2,115,2016,"Biography, Drama",196063,"2017-01-20","John Lee Hancock"
tt0363771,7,2022-05-20,"The Chronicles of Narnia: The Lion, the Witch and the Wardrobe","The Chronicles of Narnia: The Lion, the Witch and the Wardrobe",https://www.imdb.com/title/tt0363771,Movie,6.9,143,2005,"Adventure, Family, Fantasy",447387,"2005-12-09","Andrew Adamson"
tt0796366,9,2022-05-20,"Star Trek","Star Trek",https://www.imdb.com/title/tt0796366,Movie,7.9,127,2009,"Sci-Fi, Action, Adventure",631688,"2009-05-08","J.J. Abrams"
tt0418279,8,2022-05-20,"Transformers","Transformers",https://www.imdb.com/title/tt0418279,Movie,7.1,144,2007,"Action, Sci-Fi, Adventure",702556,"2007-07-03","Michael Bay"
tt0120903,8,2022-05-20,"X-Men","X-Men",https://www.imdb.com/title/tt0120903,Movie,7.3,104,2000,"Adventure, Sci-Fi, Action",678621,"2000-07-14","Bryan Singer"
tt0390022,10,2022-05-20,"Friday Night Lights","Friday Night Lights",https://www.imdb.com/title/tt0390022,Movie,7.2,118,2004,"Drama, Sport, Action",69348,"2004-10-08","Peter Berg"
tt0104257,10,2022-05-20,"A Few Good Men","A Few Good Men",https://www.imdb.com/title/tt0104257,Movie,7.7,138,1992,"Thriller, Drama",306065,"1992-12-11","Rob Reiner"
tt0399295,10,2022-05-20,"Lord of War","Lord of War",https://www.imdb.com/title/tt0399295,Movie,7.6,122,2005,"Crime, Drama",351645,"2005-09-16","Andrew Niccol"
tt0112740,10,2022-05-20,"Crimson Tide","Crimson Tide",https://www.imdb.com/title/tt0112740,Movie,7.4,116,1995,"Action, War, Drama, Thriller",132055,"1995-05-12","Tony Scott"
tt9288030,10,2022-05-20,"Reacher","Reacher",https://www.imdb.com/title/tt9288030,TV Series,8.0,50,2022,"Action, Crime, Drama, Thriller",273642,"2022-02-04",
tt5137338,10,2022-05-20,"Victoria","Victoria",https://www.imdb.com/title/tt5137338,TV Series,8.2,60,2016,"Drama, Biography, History",32840,"2017-01-15",
tt3390892,8,2022-05-20,"The Last Tycoon","The Last Tycoon",https://www.imdb.com/title/tt3390892,TV Series,7.5,60,2016,"Drama",6002,"2016-06-17",
tt12748084,8,2022-05-17,"Anatomy of a Scandal","Anatomy of a Scandal",https://www.imdb.com/title/tt12748084,TV Mini Series,7.0,45,2022,"Drama, Thriller, Mystery",38950,"2022-04-15",
tt2975590,4,2022-05-17,"Batman v Superman: Dawn of Justice","Batman v Superman: Dawn of Justice",https://www.imdb.com/title/tt2975590,Movie,6.4,151,2016,"Action, Adventure, Sci-Fi",778393,"2016-03-25","Zack Snyder"
tt0367882,4,2022-03-11,"Indiana Jones and the Kingdom of the Crystal Skull","Indiana Jones and the Kingdom of the Crystal Skull",https://www.imdb.com/title/tt0367882,Movie,6.2,122,2008,"Action, Adventure",506079,"2008-05-22","Steven Spielberg"
tt2294629,7,2022-03-11,"Frozen","Frozen",https://www.imdb.com/title/tt2294629,Movie,7.4,102,2013,"Animation, Musical, Family, Fantasy, Adventure, Comedy",694674,"2013-11-27","Chris Buck,Jennifer Lee"
tt1951264,7,2022-03-11,"The Hunger Games: Catching Fire","The Hunger Games: Catching Fire",https://www.imdb.com/title/tt1951264,Movie,7.5,146,2013,"Sci-Fi, Thriller, Action, Adventure",754718,"2013-11-22","Francis Lawrence"
tt0120623,8,2022-03-11,"A Bug's Life","A Bug's Life",https://www.imdb.com/title/tt0120623,Movie,7.2,95,1998,"Animation, Adventure, Comedy, Family",329964,"1998-11-25","John Lasseter,Andrew Stanton"
tt0198781,8,2022-03-11,"Monsters, Inc.","Monsters, Inc.",https://www.imdb.com/title/tt0198781,Movie,8.1,92,2001,"Animation, Adventure, Comedy, Family, Fantasy",1039919,"2001-11-02","Pete Docter,David Silverman,Lee Unkrich"
tt2103281,7,2022-03-11,"Dawn of the Planet of the Apes","Dawn of the Planet of the Apes",https://www.imdb.com/title/tt2103281,Movie,7.6,130,2014,"Action, Adventure, Drama, Sci-Fi, Thriller",503060,"2014-07-11","Matt Reeves"
tt0368891,8,2022-03-11,"National Treasure","National Treasure",https://www.imdb.com/title/tt0368891,Movie,6.9,131,2004,"Adventure, Action, Thriller, Mystery",369822,"2004-11-19","Jon Turteltaub"
tt0120484,10,2022-03-11,"The Waterboy","The Waterboy",https://www.imdb.com/title/tt0120484,Movie,6.2,90,1998,"Sport, Comedy",187728,"1998-11-06","Frank Coraci"
tt0319262,5,2022-03-11,"The Day After Tomorrow","The Day After Tomorrow",https://www.imdb.com/title/tt0319262,Movie,6.5,124,2004,"Action, Adventure, Sci-Fi, Thriller",501070,"2004-05-28","Roland Emmerich"
tt0102798,9,2022-03-11,"Robin Hood: Prince of Thieves","Robin Hood: Prince of Thieves",https://www.imdb.com/title/tt0102798,Movie,6.9,143,1991,"Drama, Romance, Adventure, Action",217311,"1991-06-14","Kevin Reynolds"
tt0108037,10,2022-03-11,"The Sandlot","The Sandlot",https://www.imdb.com/title/tt0108037,Movie,7.8,101,1993,"Drama, Sport, Comedy, Family",110723,"1993-04-07","David Mickey Evans"
tt0183790,10,2022-03-11,"A Knight's Tale","A Knight's Tale",https://www.imdb.com/title/tt0183790,Movie,7.0,132,2001,"Adventure, Romance, Drama, Action",212972,"2001-05-11","Brian Helgeland"
tt3521164,7,2022-03-11,"Moana","Moana",https://www.imdb.com/title/tt3521164,Movie,7.6,107,2016,"Animation, Musical, Adventure, Family, Comedy, Fantasy",422720,"2016-11-23","Ron Clements,John Musker,Don Hall,Chris Williams"
tt3450958,7,2022-03-11,"War for the Planet of the Apes","War for the Planet of the Apes",https://www.imdb.com/title/tt3450958,Movie,7.4,140,2017,"Action, Drama, Sci-Fi, Adventure, Thriller",319052,"2017-07-14","Matt Reeves"
tt0926084,7,2022-03-11,"Harry Potter and the Deathly Hallows: Part 1","Harry Potter and the Deathly Hallows: Part 1",https://www.imdb.com/title/tt0926084,Movie,7.7,146,2010,"Adventure, Mystery, Fantasy, Family",638892,"2010-11-19","David Yates"
tt11286314,4,2022-03-11,"Don't Look Up","Don't Look Up",https://www.imdb.com/title/tt11286314,Movie,7.2,138,2021,"Comedy, Drama, Sci-Fi",647283,"2021-12-24","Adam McKay"
tt2334879,8,2022-01-07,"White House Down","White House Down",https://www.imdb.com/title/tt2334879,Movie,6.3,131,2013,"Action, Drama, Thriller",245073,"2013-06-28","Roland Emmerich"
tt6924650,10,2022-01-07,"Midway","Midway",https://www.imdb.com/title/tt6924650,Movie,6.7,138,2019,"Action, Drama, History, War",101853,"2019-11-08","Roland Emmerich"
tt0097576,8,2021-12-31,"Indiana Jones and the Last Crusade","Indiana Jones and the Last Crusade",https://www.imdb.com/title/tt0097576,Movie,8.2,127,1989,"Adventure, Action",845589,"1989-05-24","Steven Spielberg"
tt0107290,8,2021-12-31,"Jurassic Park","Jurassic Park",https://www.imdb.com/title/tt0107290,Movie,8.2,127,1993,"Thriller, Action, Sci-Fi, Adventure",1138936,"1993-06-11","Steven Spielberg"
tt0082971,8,2021-12-31,"Raiders of the Lost Ark","Raiders of the Lost Ark",https://www.imdb.com/title/tt0082971,Movie,8.4,115,1981,"Adventure, Action",1084097,"1981-06-12","Steven Spielberg"
tt0417741,8,2021-12-31,"Harry Potter and the Half-Blood Prince","Harry Potter and the Half-Blood Prince",https://www.imdb.com/title/tt0417741,Movie,7.6,153,2009,"Action, Fantasy, Mystery, Family, Adventure",635486,"2009-07-15","David Yates"
tt0114709,9,2021-12-31,"Toy Story","Toy Story",https://www.imdb.com/title/tt0114709,Movie,8.3,81,1995,"Animation, Adventure, Comedy, Family, Fantasy",1135684,"1995-11-22","John Lasseter"
tt0382932,8,2021-12-31,"Ratatouille","Ratatouille",https://www.imdb.com/title/tt0382932,Movie,8.1,111,2007,"Animation, Comedy, Family, Fantasy, Adventure",900913,"2007-06-29","Brad Bird,Jan Pinkava"
tt0332379,10,2021-12-29,"School of Rock","School of Rock",https://www.imdb.com/title/tt0332379,Movie,7.2,109,2003,"Music, Comedy",348288,"2003-10-03","Richard Linklater"
tt0317705,9,2021-12-29,"The Incredibles","The Incredibles",https://www.imdb.com/title/tt0317705,Movie,8.0,115,2004,"Animation, Action, Adventure, Family",867292,"2004-11-05","Brad Bird"
tt0903747,10,2021-12-29,"Breaking Bad","Breaking Bad",https://www.imdb.com/title/tt0903747,TV Series,9.5,45,2008,"Drama, Crime, Thriller",2378510,"2008-01-20",
tt5180504,10,2021-12-29,"The Witcher","The Witcher",https://www.imdb.com/title/tt5180504,TV Series,7.9,60,2019,"Adventure, Fantasy, Mystery, Action, Drama",599397,"2019-12-20",
tt0338348,7,2021-12-29,"The Polar Express","The Polar Express",https://www.imdb.com/title/tt0338348,Movie,6.6,100,2004,"Animation, Musical, Adventure, Family, Fantasy",259366,"2004-11-10","Robert Zemeckis"
tt0104431,5,2021-12-29,"Home Alone 2: Lost in New York","Home Alone 2: Lost in New York",https://www.imdb.com/title/tt0104431,Movie,6.9,120,1992,"Adventure, Crime, Comedy, Family",433387,"1992-11-20","Chris Columbus"
tt0316654,5,2021-12-29,"Spider-Man 2","Spider-Man 2",https://www.imdb.com/title/tt0316654,Movie,7.5,127,2004,"Sci-Fi, Adventure, Action",757418,"2004-06-30","Sam Raimi"
tt0413300,5,2021-12-29,"Spider-Man 3","Spider-Man 3",https://www.imdb.com/title/tt0413300,Movie,6.3,139,2007,"Action, Sci-Fi, Adventure",677728,"2007-05-04","Sam Raimi"
tt0242653,9,2021-12-29,"The Matrix Revolutions","The Matrix Revolutions",https://www.imdb.com/title/tt0242653,Movie,6.7,129,2003,"Action, Sci-Fi",564561,"2003-11-05","Lana Wachowski,Lilly Wachowski"
tt1872181,6,2021-12-29,"The Amazing Spider-Man 2","The Amazing Spider-Man 2",https://www.imdb.com/title/tt1872181,Movie,6.6,142,2014,"Action, Adventure, Sci-Fi",570447,"2014-05-02","Marc Webb"
tt0234215,9,2021-12-29,"The Matrix Reloaded","The Matrix Reloaded",https://www.imdb.com/title/tt0234215,Movie,7.2,138,2003,"Action, Sci-Fi",656700,"2003-05-15","Lana Wachowski,Lilly Wachowski"
tt0948470,6,2021-12-29,"The Amazing Spider-Man","The Amazing Spider-Man",https://www.imdb.com/title/tt0948470,Movie,6.9,136,2012,"Action, Sci-Fi",741502,"2012-07-03","Marc Webb"
tt0319343,7,2021-12-29,"Elf","Elf",https://www.imdb.com/title/tt0319343,Movie,7.1,97,2003,"Family, Fantasy, Romance, Adventure, Comedy",331651,"2003-11-07","Jon Favreau"
tt0145487,6,2021-12-29,"Spider-Man","Spider-Man",https://www.imdb.com/title/tt0145487,Movie,7.4,121,2002,"Adventure, Sci-Fi, Action",934602,"2002-05-03","Sam Raimi"
tt0099785,6,2021-12-29,"Home Alone","Home Alone",https://www.imdb.com/title/tt0099785,Movie,7.7,103,1990,"Comedy, Family",703467,"1990-11-16","Chris Columbus"
tt0314331,7,2021-12-29,"Love Actually","Love Actually",https://www.imdb.com/title/tt0314331,Movie,7.5,135,2003,"Drama, Romance, Comedy",561466,"2003-11-14","Richard Curtis"
tt0097958,7,2021-12-29,"National Lampoon's Christmas Vacation","National Lampoon's Christmas Vacation",https://www.imdb.com/title/tt0097958,Movie,7.5,97,1989,"Comedy",236025,"1989-12-01","Jeremiah S. Chechik"
tt0241527,8,2021-12-29,"Harry Potter and the Sorcerer's Stone","Harry Potter and the Philosopher's Stone",https://www.imdb.com/title/tt0241527,Movie,7.7,152,2001,"Family, Adventure, Fantasy",914501,"2001-11-16","Chris Columbus"
tt0240772,8,2021-12-29,"Ocean's Eleven","Ocean's Eleven",https://www.imdb.com/title/tt0240772,Movie,7.7,116,2001,"Thriller, Crime",654044,"2001-12-07","Steven Soderbergh"
tt0330373,8,2021-12-29,"Harry Potter and the Goblet of Fire","Harry Potter and the Goblet of Fire",https://www.imdb.com/title/tt0330373,Movie,7.7,157,2005,"Mystery, Family, Adventure, Fantasy",725956,"2005-11-18","Mike Newell"
tt0304141,8,2021-12-29,"Harry Potter and the Prisoner of Azkaban","Harry Potter and the Prisoner of Azkaban",https://www.imdb.com/title/tt0304141,Movie,7.9,142,2004,"Mystery, Family, Adventure, Fantasy",738160,"2004-06-04","Alfonso Cuarón"
tt0099810,10,2021-12-29,"The Hunt for Red October","The Hunt for Red October",https://www.imdb.com/title/tt0099810,Movie,7.5,135,1990,"Action, Thriller, Adventure",224910,"1990-03-02","John McTiernan"
tt1392170,8,2021-12-29,"The Hunger Games","The Hunger Games",https://www.imdb.com/title/tt1392170,Movie,7.2,142,2012,"Adventure, Sci-Fi, Thriller, Action",1053080,"2012-03-23","Gary Ross"
tt0311113,8,2021-12-29,"Master and Commander: The Far Side of the World","Master and Commander: The Far Side of the World",https://www.imdb.com/title/tt0311113,Movie,7.5,138,2003,"War, Drama, Adventure, Action",248802,"2003-11-14","Peter Weir"
tt1201607,9,2021-12-29,"Harry Potter and the Deathly Hallows: Part 2","Harry Potter and the Deathly Hallows: Part 2",https://www.imdb.com/title/tt1201607,Movie,8.1,130,2011,"Adventure, Mystery, Fantasy, Family",1009640,"2011-07-15","David Yates"
tt4620502,10,2021-12-29,"Vikings: The Viking Sagas","Vikings: The Viking Sagas",https://www.imdb.com/title/tt4620502,Video,8.7,,2014,"Short",21783,"2014-10-07",
tt8924990,10,2021-12-29,"Star Wars: Episode V - The Empire Strikes Back: Deleted Scenes","Star Wars: Episode V - The Empire Strikes Back: Deleted Scenes",https://www.imdb.com/title/tt8924990,Video,8.8,12,2011,"Short, Action, Drama, Sci-Fi",30637,"2011-09-16",
tt13668894,10,2021-12-29,"The Book of Boba Fett","The Book of Boba Fett",https://www.imdb.com/title/tt13668894,TV Mini Series,7.1,50,2021,"Action, Adventure, Sci-Fi",202743,"2021-12-29",
tt9140554,10,2021-12-29,"Loki","Loki",https://www.imdb.com/title/tt9140554,TV Series,8.2,50,2021,"Fantasy, Sci-Fi, Action, Adventure",453218,"2021-06-09",
tt2250912,6,2021-12-29,"Spider-Man: Homecoming","Spider-Man: Homecoming",https://www.imdb.com/title/tt2250912,Movie,7.4,133,2017,"Action, Sci-Fi, Adventure",768319,"2017-07-07","Jon Watts"
tt7660850,5,2021-12-29,"Succession","Succession",https://www.imdb.com/title/tt7660850,TV Series,8.8,60,2018,"Drama, Comedy",326469,"2018-06-03",
tt4561226,6,2021-12-29,"The Hobbit: The Battle of Five Armies - New Zealand: Home of Middle-Earth - Part 3","The Hobbit: The Battle of Five Armies - New Zealand: Home of Middle-Earth - Part 3",https://www.imdb.com/title/tt4561226,Video,7.6,7,2015,"Documentary, Short",39397,"2015-03-24","Michael Pellerin"
tt4330758,10,2021-12-29,"Black Hawk Down","Black Hawk Down",https://www.imdb.com/title/tt4330758,Movie,7.9,57,1997,"Documentary",34691,"1997-12-01","Chris Mills"
tt8740790,8,2021-11-02,"Bridgerton","Bridgerton",https://www.imdb.com/title/tt8740790,TV Series,7.4,60,2020,"Drama, Romance",207855,"2020-12-25",
tt0838283,9,2021-11-02,"Step Brothers","Step Brothers",https://www.imdb.com/title/tt0838283,Movie,6.9,98,2008,"Comedy",333510,"2008-07-25","Adam McKay"
tt0165598,9,2021-11-02,"That '70s Show","That '70s Show",https://www.imdb.com/title/tt0165598,TV Series,8.1,22,1998,"Romance, Drama, Comedy",195678,"1998-08-23",
tt0383126,9,2021-11-02,"MythBusters","MythBusters",https://www.imdb.com/title/tt0383126,TV Series,8.3,44,2003,"Documentary, Reality-TV, Mystery",56116,"2003-01-23",
tt0408306,9,2021-08-22,"Munich","Munich",https://www.imdb.com/title/tt0408306,Movie,7.5,164,2005,"Drama, Thriller, History",248724,"2006-01-06","Steven Spielberg"
tt0137494,9,2021-08-22,"Entrapment","Entrapment",https://www.imdb.com/title/tt0137494,Movie,6.3,113,1999,"Crime, Romance, Action, Thriller",127781,"1999-04-30","Jon Amiel"
tt0441773,10,2021-08-22,"Kung Fu Panda","Kung Fu Panda",https://www.imdb.com/title/tt0441773,Movie,7.6,92,2008,"Animation, Comedy, Action, Adventure, Family, Fantasy",558048,"2008-06-06","Mark Osborne,John Stevenson"
tt0187078,9,2021-08-22,"Gone in 60 Seconds","Gone in Sixty Seconds",https://www.imdb.com/title/tt0187078,Movie,6.5,118,2000,"Thriller, Crime, Action",304797,"2000-06-09","Dominic Sena"
tt0415306,6,2021-08-22,"Talladega Nights: The Ballad of Ricky Bobby","Talladega Nights: The Ballad of Ricky Bobby",https://www.imdb.com/title/tt0415306,Movie,6.6,108,2006,"Comedy, Sport",208991,"2006-08-04","Adam McKay"
tt3731562,3,2021-08-22,"Kong: Skull Island","Kong: Skull Island",https://www.imdb.com/title/tt3731562,Movie,6.7,118,2017,"Action, Adventure, Fantasy, Sci-Fi",366059,"2017-03-10","Jordan Vogt-Roberts"
tt6015100,10,2021-08-22,"Vikings Season 3: Heavy Is the Head -the Politics of King Ragnar's Rule","Vikings Season 3: Heavy Is the Head -The Politics of King Ragnar's Rule",https://www.imdb.com/title/tt6015100,Video,9.0,,2015,"Documentary, Short",8098,"2015-10-06",
tt0988045,8,2021-08-22,"Sherlock Holmes","Sherlock Holmes",https://www.imdb.com/title/tt0988045,Movie,7.5,128,2009,"Adventure, Mystery, Action",694436,"2009-12-25","Guy Ritchie"
tt0325980,7,2021-08-22,"Pirates of the Caribbean: The Curse of the Black Pearl","Pirates of the Caribbean: The Curse of the Black Pearl",https://www.imdb.com/title/tt0325980,Movie,8.1,143,2003,"Fantasy, Action, Adventure",1281333,"2003-07-09","Gore Verbinski"
tt1877832,6,2021-08-22,"X-Men: Days of Future Past","X-Men: Days of Future Past",https://www.imdb.com/title/tt1877832,Movie,7.9,132,2014,"Action, Sci-Fi, Thriller, Adventure",775236,"2014-05-23","Bryan Singer"
tt1270798,6,2021-08-22,"X-Men: First Class","X: First Class",https://www.imdb.com/title/tt1270798,Movie,7.7,131,2011,"Action, Sci-Fi",751644,"2011-06-03","Matthew Vaughn"
tt0383574,6,2021-08-22,"Pirates of the Caribbean: Dead Man's Chest","Pirates of the Caribbean: Dead Man's Chest",https://www.imdb.com/title/tt0383574,Movie,7.4,151,2006,"Adventure, Fantasy, Action",804864,"2006-07-07","Gore Verbinski"
tt2310332,3,2021-08-22,"The Hobbit: The Battle of the Five Armies","The Hobbit: The Battle of the Five Armies",https://www.imdb.com/title/tt2310332,Movie,7.4,144,2014,"Adventure, Fantasy",602293,"2014-12-17","Peter Jackson"
tt1170358,4,2021-08-22,"The Hobbit: The Desolation of Smaug","The Hobbit: The Desolation of Smaug",https://www.imdb.com/title/tt1170358,Movie,7.8,161,2013,"Fantasy, Adventure",737113,"2013-12-13","Peter Jackson"
tt0903624,6,2021-08-22,"The Hobbit: An Unexpected Journey","The Hobbit: An Unexpected Journey",https://www.imdb.com/title/tt0903624,Movie,7.8,169,2012,"Fantasy, Adventure",908772,"2012-12-14","Peter Jackson"
tt0770828,6,2021-08-22,"Man of Steel","Man of Steel",https://www.imdb.com/title/tt0770828,Movie,7.1,143,2013,"Action, Adventure, Sci-Fi",849586,"2013-06-14","Zack Snyder"
tt0458525,7,2021-08-22,"X-Men Origins: Wolverine","X-Men Origins: Wolverine",https://www.imdb.com/title/tt0458525,Movie,6.5,107,2009,"Action, Sci-Fi",558532,"2009-05-01","Gavin Hood"
tt5118314,8,2021-08-22,"Star Wars: Episode III - The Return of Darth Vader","Star Wars: Episode III - The Return of Darth Vader",https://www.imdb.com/title/tt5118314,Video,7.6,9,2004,"Documentary, Short, Sci-Fi",29671,"2004-09-20",
tt3228774,10,2021-08-08,"Cruella","Cruella",https://www.imdb.com/title/tt3228774,Movie,7.3,134,2021,"Comedy, Crime, Drama, Adventure",285136,"2021-05-28","Craig Gillespie"
tt2395695,10,2021-08-08,"Cosmos: A Spacetime Odyssey","Cosmos: A Spacetime Odyssey",https://www.imdb.com/title/tt2395695,TV Mini Series,9.2,45,2014,"Documentary",135332,"2014-03-09",
tt8503618,9,2021-08-08,"Hamilton","Hamilton",https://www.imdb.com/title/tt8503618,Movie,8.3,160,2020,"Musical, Drama, Biography, History",131111,"2020-07-03","Thomas Kail"
tt0362359,8,2021-08-08,"The O.C.","The O.C.",https://www.imdb.com/title/tt0362359,TV Series,7.6,44,2003,"Drama, Romance, Comedy",100949,"2003-08-05",
tt1439629,10,2021-08-08,"Community","Community",https://www.imdb.com/title/tt1439629,TV Series,8.5,22,2009,"Comedy",305486,"2009-09-17",
tt1606375,10,2021-08-08,"Downton Abbey","Downton Abbey",https://www.imdb.com/title/tt1606375,TV Series,8.7,60,2010,"Drama, Romance",237173,"2011-01-09",
tt2306299,10,2021-08-08,"Vikings","Vikings",https://www.imdb.com/title/tt2306299,TV Series,8.5,45,2013,"Action, Drama, History, War, Romance, Adventure",623104,"2013-03-03",
tt1231587,10,2021-08-08,"Hot Tub Time Machine","Hot Tub Time Machine",https://www.imdb.com/title/tt1231587,Movie,6.4,99,2010,"Comedy, Sci-Fi",193607,"2010-03-26","Steve Pink"
tt1797404,9,2021-08-08,"House of Lies","House of Lies",https://www.imdb.com/title/tt1797404,TV Series,7.4,30,2012,"Comedy, Drama",27097,"2012-01-08",
tt0866442,10,2021-08-08,"Eastbound & Down","Eastbound & Down",https://www.imdb.com/title/tt0866442,TV Series,8.2,30,2009,"Comedy, Sport, Drama",68057,"2009-02-15",
tt14544192,10,2021-06-27,"Bo Burnham: Inside","Bo Burnham: Inside",https://www.imdb.com/title/tt14544192,TV Special,8.6,87,2021,"Documentary, Comedy, Drama, Music",57895,"2021-05-30","Bo Burnham"
tt1628033,9,2021-04-17,"Top Gear","Top Gear",https://www.imdb.com/title/tt1628033,TV Series,8.7,60,2002,"Talk-Show, Adventure, Sport, Comedy",133571,"2002-10-20",
tt1494191,9,2021-04-17,"The Untold History of the United States","The Untold History of the United States",https://www.imdb.com/title/tt1494191,TV Mini Series,8.6,58,2012,"Documentary, History, War",9992,"2012-11-12",
tt8289930,9,2021-04-17,"Formula 1: Drive to Survive","Formula 1: Drive to Survive",https://www.imdb.com/title/tt8289930,TV Series,8.5,40,2019,"Documentary, Sport",57564,"2019-03-08",
tt1674771,10,2021-03-09,"Entourage","Entourage",https://www.imdb.com/title/tt1674771,Movie,6.5,104,2015,"Comedy, Drama",84752,"2015-06-03","Doug Ellin"
tt1194173,9,2021-03-09,"The Bourne Legacy","The Bourne Legacy",https://www.imdb.com/title/tt1194173,Movie,6.6,135,2012,"Action, Adventure, Thriller",323429,"2012-08-10","Tony Gilroy"
tt7772588,9,2021-03-03,"For All Mankind","For All Mankind",https://www.imdb.com/title/tt7772588,TV Series,8.1,60,2019,"Sci-Fi, Drama",81110,"2019-11-01",
tt1979320,10,2021-02-16,"Rush","Rush",https://www.imdb.com/title/tt1979320,Movie,8.1,123,2013,"Biography, Sport, Drama",542348,"2013-09-27","Ron Howard"
tt0093779,10,2021-02-16,"The Princess Bride","The Princess Bride",https://www.imdb.com/title/tt0093779,Movie,8.0,98,1987,"Family, Comedy, Romance, Adventure, Fantasy",471852,"1987-10-09","Rob Reiner"
tt9140560,8,2021-02-15,"WandaVision","WandaVision",https://www.imdb.com/title/tt9140560,TV Mini Series,7.9,40,2021,"Action, Sci-Fi, Fantasy, Comedy, Mystery",402444,"2021-01-15",
tt0387199,10,2021-02-15,"Entourage","Entourage",https://www.imdb.com/title/tt0387199,TV Series,8.4,30,2004,"Comedy, Drama",181134,"2004-07-18",
tt0087538,8,2021-02-15,"The Karate Kid","The Karate Kid",https://www.imdb.com/title/tt0087538,Movie,7.3,126,1984,"Drama, Sport, Family, Action",263480,"1984-06-22","John G. Avildsen"
tt4196776,9,2021-02-15,"Jason Bourne","Jason Bourne",https://www.imdb.com/title/tt4196776,Movie,6.6,123,2016,"Action, Thriller",251850,"2016-07-29","Paul Greengrass"
tt6394270,8,2021-01-31,"Bombshell","Bombshell",https://www.imdb.com/title/tt6394270,Movie,6.8,109,2019,"Biography, Drama",133030,"2019-12-20","Jay Roach"
tt7556122,8,2021-01-16,"The Old Guard","The Old Guard",https://www.imdb.com/title/tt7556122,Movie,6.7,125,2020,"Action, Thriller",204643,"2020-07-10","Gina Prince-Bythewood"
tt10986410,10,2020-12-29,"Ted Lasso","Ted Lasso",https://www.imdb.com/title/tt10986410,TV Series,8.8,30,2020,"Comedy, Drama, Sport",412255,"2020-08-14",
tt10048342,9,2020-12-24,"The Queen's Gambit","The Queen's Gambit",https://www.imdb.com/title/tt10048342,TV Mini Series,8.5,60,2020,"Drama",628840,"2020-10-23",
tt0944835,8,2020-12-20,"Salt","Salt",https://www.imdb.com/title/tt0944835,Movie,6.5,100,2010,"Thriller, Action",338941,"2010-07-23","Phillip Noyce"
tt2873282,8,2020-12-20,"Red Sparrow","Red Sparrow",https://www.imdb.com/title/tt2873282,Movie,6.6,140,2018,"Thriller, Drama, Action",213468,"2018-03-02","Francis Lawrence"
tt0904208,9,2020-12-20,"Californication","Californication",https://www.imdb.com/title/tt0904208,TV Series,8.3,30,2007,"Comedy, Drama",192844,"2007-08-13",
tt8134470,8,2020-12-20,"The Undoing","The Undoing",https://www.imdb.com/title/tt8134470,TV Mini Series,7.4,60,2020,"Drama, Thriller, Crime, Mystery",113767,"2020-10-25",
tt0790724,7,2020-12-20,"Jack Reacher","Jack Reacher",https://www.imdb.com/title/tt0790724,Movie,7.0,130,2012,"Action, Thriller",382498,"2012-12-21","Christopher McQuarrie"
tt0117500,9,2020-12-20,"The Rock","The Rock",https://www.imdb.com/title/tt0117500,Movie,7.4,136,1996,"Adventure, Thriller, Action",372505,"1996-06-07","Michael Bay"
tt0936501,9,2020-12-20,"Taken","Taken",https://www.imdb.com/title/tt0936501,Movie,7.7,90,2008,"Action, Thriller, Crime",659800,"2009-01-30","Pierre Morel"
tt0381061,8,2020-12-02,"Casino Royale","Casino Royale",https://www.imdb.com/title/tt0381061,Movie,8.0,144,2006,"Thriller, Action, Adventure",723691,"2006-11-17","Martin Campbell"
tt3830558,8,2020-11-22,"Versailles","Versailles",https://www.imdb.com/title/tt3830558,TV Series,7.9,60,2015,"Drama, Biography, History, Romance, War",19904,"2016-10-01",
tt0353049,10,2020-11-22,"Chappelle's Show","Chappelle's Show",https://www.imdb.com/title/tt0353049,TV Series,8.8,22,2003,"Music, Comedy",76792,"2003-01-22",
tt0120660,8,2020-11-22,"Enemy of the State","Enemy of the State",https://www.imdb.com/title/tt0120660,Movie,7.3,132,1998,"Action, Thriller",269815,"1998-11-20","Tony Scott"
tt0213149,4,2020-11-22,"Pearl Harbor","Pearl Harbor",https://www.imdb.com/title/tt0213149,Movie,6.3,183,2001,"Drama, Romance, War, Action",363404,"2001-05-25","Michael Bay"
tt0317740,9,2020-11-22,"The Italian Job","The Italian Job",https://www.imdb.com/title/tt0317740,Movie,7.0,111,2003,"Thriller, Crime, Action",401154,"2003-05-30","F. Gary Gray"
tt0369339,8,2020-11-22,"Collateral","Collateral",https://www.imdb.com/title/tt0369339,Movie,7.5,120,2004,"Crime, Thriller, Action, Drama",454885,"2004-08-06","Michael Mann"
tt0816711,3,2020-11-22,"World War Z","World War Z",https://www.imdb.com/title/tt0816711,Movie,7.0,116,2013,"Action, Adventure, Horror, Sci-Fi",761089,"2013-06-21","Marc Forster"
tt0167404,4,2020-11-22,"The Sixth Sense","The Sixth Sense",https://www.imdb.com/title/tt0167404,Movie,8.2,107,1999,"Mystery, Drama, Thriller",1110239,"1999-08-06","M. Night Shyamalan"
tt7221388,10,2020-11-22,"Cobra Kai","Cobra Kai",https://www.imdb.com/title/tt7221388,TV Series,8.4,30,2018,"Action, Drama, Comedy, Sport",234542,"2018-05-02",
tt3530232,10,2020-11-22,"Last Week Tonight with John Oliver","Last Week Tonight with John Oliver",https://www.imdb.com/title/tt3530232,TV Series,8.8,30,2014,"News, Talk-Show, Comedy",100917,"2014-04-27",
tt1424432,10,2020-11-22,"Senna","Senna",https://www.imdb.com/title/tt1424432,Movie,8.5,106,2010,"Documentary, Biography, Sport",82061,"2011-05-25","Asif Kapadia"
tt8420184,10,2020-11-22,"The Last Dance","The Last Dance",https://www.imdb.com/title/tt8420184,TV Mini Series,9.0,50,2020,"Documentary, Biography, History, Sport",169906,"2020-04-19",
tt8403664,9,2020-11-22,"The English Game","The English Game",https://www.imdb.com/title/tt8403664,TV Mini Series,7.6,47,2020,"Sport, Drama, History",18196,"2020-03-21",
tt11569640,8,2020-11-17,"Dave Chappelle: The Kennedy Center Mark Twain Prize for American Humor","22nd Annual Mark Twain Prize for American Humor celebrating: Dave Chappelle",https://www.imdb.com/title/tt11569640,TV Special,7.4,90,2020,"Comedy",2523,"2020-01-07","Chris Robinson"
tt0258463,10,2020-11-17,"The Bourne Identity","The Bourne Identity",https://www.imdb.com/title/tt0258463,Movie,7.8,119,2002,"Mystery, Thriller, Action",599002,"2002-06-14","Doug Liman"
tt1826940,9,2020-11-17,"New Girl","New Girl",https://www.imdb.com/title/tt1826940,TV Series,7.8,22,2011,"Comedy, Romance",257620,"2011-09-20",
tt5541338,8,2020-11-17,"Six","Six",https://www.imdb.com/title/tt5541338,TV Series,7.3,60,2017,"Drama, History, War, Action",14571,"2017-01-18",
tt6040674,8,2020-11-17,"Waco","Waco",https://www.imdb.com/title/tt6040674,TV Mini Series,7.8,49,2018,"Drama, Crime, Thriller, History",27635,"2018-01-24",
tt0472027,10,2020-11-17,"John Adams","John Adams",https://www.imdb.com/title/tt0472027,TV Mini Series,8.4,60,2008,"Drama, Biography, History",38844,"2008-03-16",
tt0440963,10,2020-10-26,"The Bourne Ultimatum","The Bourne Ultimatum",https://www.imdb.com/title/tt0440963,Movie,8.0,115,2007,"Action, Thriller, Mystery",674211,"2007-08-03","Paul Greengrass"
tt0165961,10,2020-10-26,"Sports Night","Sports Night",https://www.imdb.com/title/tt0165961,TV Series,8.3,30,1998,"Sport, Drama, Comedy",8938,"1998-09-22",
tt1870479,9,2020-10-26,"The Newsroom","The Newsroom",https://www.imdb.com/title/tt1870479,TV Series,8.6,60,2012,"Drama",131542,"2012-06-24",
tt7807000,10,2020-10-26,"Dave Chappelle: The Bird Revelation","Dave Chappelle: The Bird Revelation",https://www.imdb.com/title/tt7807000,TV Special,7.8,49,2017,"Comedy",11191,"2017-12-31","Stan Lathan"
tt7806998,10,2020-10-26,"Dave Chappelle: Equanimity","Dave Chappelle: Equanimity",https://www.imdb.com/title/tt7806998,TV Special,8.1,60,2017,"Comedy",14001,"2017-12-31","Stan Lathan"
tt0266987,9,2020-10-26,"Spy Game","Spy Game",https://www.imdb.com/title/tt0266987,Movie,7.1,126,2001,"Crime, Thriller, Action",173355,"2001-11-21","Tony Scott"
tt2406566,8,2020-10-26,"Atomic Blonde","Atomic Blonde",https://www.imdb.com/title/tt2406566,Movie,6.7,115,2017,"Thriller, Action",215766,"2017-07-28","David Leitch"
tt0412142,9,2020-10-26,"House","House M.D.",https://www.imdb.com/title/tt0412142,TV Series,8.7,45,2004,"Drama",568844,"2004-11-16",
tt1210166,9,2020-10-26,"Moneyball","Moneyball",https://www.imdb.com/title/tt1210166,Movie,7.6,133,2011,"Drama, Sport, Biography",493011,"2011-09-23","Bennett Miller"
tt0302886,9,2020-10-26,"Old School","Old School",https://www.imdb.com/title/tt0302886,Movie,7.0,88,2003,"Comedy",252577,"2003-02-21","Todd Phillips"
tt0822854,7,2020-10-26,"Shooter","Shooter",https://www.imdb.com/title/tt0822854,Movie,7.1,124,2007,"Action, Thriller, Drama",369356,"2007-03-23","Antoine Fuqua"
tt0120570,10,2020-10-26,"From the Earth to the Moon","From the Earth to the Moon",https://www.imdb.com/title/tt0120570,TV Mini Series,8.5,60,1998,"History, Drama, Thriller, Action",14182,"1998-04-05",
tt7423322,9,2020-10-26,"The Right Stuff","The Right Stuff",https://www.imdb.com/title/tt7423322,TV Series,6.8,45,2020,"Drama, History",4377,"2020-10-09",
tt0200276,10,2020-10-24,"The West Wing","The West Wing",https://www.imdb.com/title/tt0200276,TV Series,8.9,42,1999,"Drama",93228,"1999-09-22",
tt5788792,9,2020-10-12,"The Marvelous Mrs. Maisel","The Marvelous Mrs. Maisel",https://www.imdb.com/title/tt5788792,TV Series,8.7,60,2017,"Comedy, Drama",152973,"2017-03-17",
tt0454876,8,2020-09-21,"Life of Pi","Life of Pi",https://www.imdb.com/title/tt0454876,Movie,7.9,127,2012,"Drama, Adventure, Fantasy",689049,"2012-11-21","Ang Lee"
tt1100089,5,2020-09-21,"Foxcatcher","Foxcatcher",https://www.imdb.com/title/tt1100089,Movie,7.0,134,2014,"Drama, Biography, Sport, History",153185,"2015-01-16","Bennett Miller"
tt0478311,7,2020-09-21,"Knocked Up","Knocked Up",https://www.imdb.com/title/tt0478311,Movie,6.9,129,2007,"Comedy, Romance",393725,"2007-06-01","Judd Apatow"
tt0800039,9,2020-09-21,"Forgetting Sarah Marshall","Forgetting Sarah Marshall",https://www.imdb.com/title/tt0800039,Movie,7.1,111,2008,"Comedy, Romance, Drama",314124,"2008-04-18","Nicholas Stoller"
tt0396269,9,2020-09-21,"Wedding Crashers","Wedding Crashers",https://www.imdb.com/title/tt0396269,Movie,7.0,119,2005,"Comedy, Romance",389954,"2005-07-15","David Dobkin"
tt1232829,9,2020-09-21,"21 Jump Street","21 Jump Street",https://www.imdb.com/title/tt1232829,Movie,7.2,109,2012,"Action, Comedy, Crime",628225,"2012-03-16","Phil Lord,Christopher Miller"
tt0405422,9,2020-09-21,"The 40-Year-Old Virgin","The 40 Year Old Virgin",https://www.imdb.com/title/tt0405422,Movie,7.1,116,2005,"Comedy, Romance",489358,"2005-08-19","Judd Apatow"
tt0829482,9,2020-09-21,"Superbad","Superbad",https://www.imdb.com/title/tt0829482,Movie,7.6,113,2007,"Comedy",671478,"2007-08-17","Greg Mottola"
tt0910936,9,2020-09-21,"Pineapple Express","Pineapple Express",https://www.imdb.com/title/tt0910936,Movie,6.9,111,2008,"Comedy, Crime, Action",367416,"2008-08-06","David Gordon Green"
tt0804503,8,2020-09-21,"Mad Men","Mad Men",https://www.imdb.com/title/tt0804503,TV Series,8.7,45,2007,"Drama",278556,"2007-07-19",
tt0372183,9,2020-09-21,"The Bourne Supremacy","The Bourne Supremacy",https://www.imdb.com/title/tt0372183,Movie,7.7,108,2004,"Thriller, Action, Mystery",502987,"2004-07-23","Paul Greengrass"
tt1155056,8,2020-09-21,"I Love You, Man","I Love You, Man",https://www.imdb.com/title/tt1155056,Movie,7.0,105,2009,"Comedy, Romance",222665,"2009-03-20","John Hamburg"
tt1226229,7,2020-09-21,"Get Him to the Greek","Get Him to the Greek",https://www.imdb.com/title/tt1226229,Movie,6.3,109,2010,"Comedy, Music",188728,"2010-06-04","Nicholas Stoller"
tt1285016,8,2020-09-21,"The Social Network","The Social Network",https://www.imdb.com/title/tt1285016,Movie,7.8,120,2010,"Drama, Biography",798217,"2010-10-01","David Fincher"
tt2294449,9,2020-09-21,"22 Jump Street","22 Jump Street",https://www.imdb.com/title/tt2294449,Movie,7.0,112,2014,"Comedy, Action, Crime",427164,"2014-06-13","Phil Lord,Christopher Miller"
tt2278388,9,2020-09-21,"The Grand Budapest Hotel","The Grand Budapest Hotel",https://www.imdb.com/title/tt2278388,Movie,8.1,99,2014,"Comedy, Drama",937284,"2014-03-28","Wes Anderson"
tt4530184,8,2020-09-21,"Aziz Ansari Live in Madison Square Garden","Aziz Ansari Live at Madison Square Garden",https://www.imdb.com/title/tt4530184,TV Special,6.6,58,2015,"Comedy",3395,"2015-03-06",
tt2080374,7,2020-09-21,"Steve Jobs","Steve Jobs",https://www.imdb.com/title/tt2080374,Movie,7.2,122,2015,"Biography, Drama",184423,"2015-10-23","Danny Boyle"
tt1596363,8,2020-09-21,"The Big Short","The Big Short",https://www.imdb.com/title/tt1596363,Movie,7.8,130,2015,"Drama, Biography, Comedy, History",518431,"2015-12-23","Adam McKay"
tt5095030,6,2020-09-21,"Ant-Man and the Wasp","Ant-Man and the Wasp",https://www.imdb.com/title/tt5095030,Movie,7.0,118,2018,"Action, Adventure, Sci-Fi, Comedy",479223,"2018-07-06","Peyton Reed"
tt9395794,8,2020-09-21,"Armstrong","Armstrong",https://www.imdb.com/title/tt9395794,Movie,7.1,100,2019,"Documentary, Biography",1097,"2019-07-12","David Fairhead"
tt10810424,8,2020-09-21,"Dave Chappelle: Sticks & Stones","Dave Chappelle: Sticks & Stones",https://www.imdb.com/title/tt10810424,TV Special,8.3,65,2019,"Comedy",28634,"2019-08-26","Stan Lathan"
tt3799694,8,2020-09-21,"The Nice Guys","The Nice Guys",https://www.imdb.com/title/tt3799694,Movie,7.4,116,2016,"Thriller, Crime, Comedy, Action, Mystery",399932,"2016-05-20","Shane Black"
tt1091191,7,2020-09-21,"Lone Survivor","Lone Survivor",https://www.imdb.com/title/tt1091191,Movie,7.5,121,2013,"Action, Drama, War, Biography",317765,"2014-01-10","Peter Berg"
tt2713180,8,2020-09-21,"Fury","Fury",https://www.imdb.com/title/tt2713180,Movie,7.6,134,2014,"Action, Drama, War",587070,"2014-10-17","David Ayer"
tt0215750,9,2020-09-21,"Enemy at the Gates","Enemy at the Gates",https://www.imdb.com/title/tt0215750,Movie,7.5,131,2001,"Action, Drama, War",287955,"2001-03-16","Jean-Jacques Annaud"
tt0470752,9,2020-09-21,"Ex Machina","Ex Machina",https://www.imdb.com/title/tt0470752,Movie,7.7,108,2014,"Drama, Sci-Fi, Thriller",622456,"2015-04-24","Alex Garland"
tt3460252,7,2020-09-21,"The Hateful Eight","The Hateful Eight",https://www.imdb.com/title/tt3460252,Movie,7.8,168,2015,"Western, Drama, Thriller, Mystery, Crime",700269,"2015-12-30","Quentin Tarantino"
tt0964517,7,2020-09-21,"The Fighter","The Fighter",https://www.imdb.com/title/tt0964517,Movie,7.8,116,2010,"Drama, Sport, Biography, Action",401221,"2010-12-17","David O. Russell"
tt4566758,1,2020-09-14,"Mulan","Mulan",https://www.imdb.com/title/tt4566758,Movie,5.8,115,2020,"Adventure, Drama, Action, Fantasy",165283,"2020-09-04","Niki Caro"
tt8531222,10,2020-09-14,"Dave","Dave",https://www.imdb.com/title/tt8531222,TV Series,8.2,30,2020,"Comedy, Music",27285,"2020-03-04",
tt0092099,9,2020-07-20,"Top Gun","Top Gun",https://www.imdb.com/title/tt0092099,Movie,7.0,109,1986,"Drama, Action",535090,"1986-05-16","Tony Scott"
tt9612516,7,2020-07-19,"Space Force","Space Force",https://www.imdb.com/title/tt9612516,TV Series,6.7,30,2020,"Comedy",74086,"2020-05-29",
tt0430922,10,2020-07-19,"Role Models","Role Models",https://www.imdb.com/title/tt0430922,Movie,6.8,99,2008,"Comedy",246918,"2008-11-07","David Wain"
tt3526078,10,2020-06-03,"Schitt's Creek","Schitt$ Creek",https://www.imdb.com/title/tt3526078,TV Series,8.5,22,2015,"Comedy",164140,"2015-02-11",
tt2584384,7,2020-06-03,"Jojo Rabbit","Jojo Rabbit",https://www.imdb.com/title/tt2584384,Movie,7.9,108,2019,"Comedy, War, Drama",472597,"2019-11-08","Taika Waititi"
tt5727208,8,2020-06-03,"Uncut Gems","Uncut Gems",https://www.imdb.com/title/tt5727208,Movie,7.4,135,2019,"Drama, Crime, Thriller",338988,"2019-12-25","Benny Safdie,Josh Safdie"
tt4736550,10,2020-03-22,"The Great Hack","The Great Hack",https://www.imdb.com/title/tt4736550,Movie,7.0,114,2019,"Documentary, Biography, History",25536,"2019-07-24","Karim Amer,Jehane Noujaim"
tt1706620,10,2020-02-23,"Snowpiercer","Snowpiercer",https://www.imdb.com/title/tt1706620,Movie,7.1,126,2013,"Sci-Fi, Thriller, Action",410340,"2014-07-11","Bong Joon Ho"
tt0325710,10,2020-02-23,"The Last Samurai","The Last Samurai",https://www.imdb.com/title/tt0325710,Movie,7.8,154,2003,"Drama, Action",493023,"2003-12-05","Edward Zwick"
tt7728082,10,2020-02-23,"Chasing the Moon","Chasing the Moon",https://www.imdb.com/title/tt7728082,TV Mini Series,8.6,342,2019,"Documentary, History",824,"2019-07-08",
tt0097165,10,2020-02-20,"Dead Poets Society","Dead Poets Society",https://www.imdb.com/title/tt0097165,Movie,8.1,128,1989,"Comedy, Drama",604090,"1989-06-09","Peter Weir"
tt2061756,10,2020-01-25,"Muhammad Ali's Greatest Fight","Muhammad Ali's Greatest Fight",https://www.imdb.com/title/tt2061756,Movie,6.7,97,2013,"Drama, Biography",2642,"2013-10-05","Stephen Frears"
tt0158983,10,2020-01-14,"South Park: Bigger, Longer & Uncut","South Park: Bigger, Longer & Uncut",https://www.imdb.com/title/tt0158983,Movie,7.7,81,1999,"Animation, Musical, Fantasy, Comedy",221647,"1999-06-30","Trey Parker"
tt0992993,8,2020-01-10,"Into the Storm","Into the Storm",https://www.imdb.com/title/tt0992993,TV Movie,7.0,99,2009,"Drama, History, Biography, War",6253,"2009-05-31","Thaddeus O'Sullivan"
tt2149175,10,2020-01-10,"The Americans","The Americans",https://www.imdb.com/title/tt2149175,TV Series,8.4,44,2013,"Drama, Crime, Mystery, Thriller",118773,"2013-01-30",
tt2442560,10,2020-01-10,"Peaky Blinders","Peaky Blinders",https://www.imdb.com/title/tt2442560,TV Series,8.7,60,2013,"Drama, Crime",725767,"2014-09-30",
tt5057054,10,2020-01-10,"Tom Clancy's Jack Ryan","Jack Ryan",https://www.imdb.com/title/tt5057054,TV Series,8.0,60,2018,"Action, Drama, Thriller, Crime",186833,"2018-08-31",
tt7767422,10,2020-01-10,"Sex Education","Sex Education",https://www.imdb.com/title/tt7767422,TV Series,8.2,60,2019,"Drama, Comedy, Romance",383485,"2019-01-11",
tt8111088,10,2020-01-10,"The Mandalorian","The Mandalorian",https://www.imdb.com/title/tt8111088,TV Series,8.6,40,2019,"Sci-Fi, Action, Adventure, Fantasy",633961,"2019-11-12",
tt0120591,10,2019-12-31,"Armageddon","Armageddon",https://www.imdb.com/title/tt0120591,Movie,6.7,151,1998,"Adventure, Sci-Fi, Thriller, Action",469554,"1998-07-01","Michael Bay"
tt0265086,10,2019-12-31,"Black Hawk Down","Black Hawk Down",https://www.imdb.com/title/tt0265086,Movie,7.7,144,2001,"Drama, Action, History, War",443680,"2002-01-18","Ridley Scott"
tt1798709,7,2019-12-31,"Her","Her",https://www.imdb.com/title/tt1798709,Movie,8.0,126,2013,"Romance, Sci-Fi, Drama",708598,"2014-01-10","Spike Jonze"
tt2489734,10,2019-12-31,"The Trials of Muhammad Ali","The Trials of Muhammad Ali",https://www.imdb.com/title/tt2489734,Movie,7.2,86,2013,"Documentary, Biography, Sport, War",1203,"2013-05-05","Bill Siegel"
tt2140479,8,2019-12-31,"The Accountant","The Accountant",https://www.imdb.com/title/tt2140479,Movie,7.3,128,2016,"Thriller, Action, Crime, Drama",380755,"2016-10-14","Gavin O'Connor"
tt1632708,7,2019-12-31,"Friends with Benefits","Friends with Benefits",https://www.imdb.com/title/tt1632708,Movie,6.5,109,2011,"Comedy, Romance",412166,"2011-07-22","Will Gluck"
tt0480249,6,2019-12-31,"I Am Legend","I Am Legend",https://www.imdb.com/title/tt0480249,Movie,7.2,101,2007,"Drama, Sci-Fi, Thriller, Horror",857013,"2007-12-14","Francis Lawrence"
tt0486551,8,2019-12-31,"Beerfest","Beerfest",https://www.imdb.com/title/tt0486551,Movie,6.2,110,2006,"Comedy",72870,"2006-08-25","Jay Chandrasekhar"
tt0121765,7,2019-12-31,"Star Wars: Episode II - Attack of the Clones","Star Wars: Episode II - Attack of the Clones",https://www.imdb.com/title/tt0121765,Movie,6.6,142,2002,"Fantasy, Sci-Fi, Adventure, Action",799188,"2002-05-16","George Lucas"
tt0120915,7,2019-12-20,"Star Wars: Episode I - The Phantom Menace","Star Wars: Episode I - The Phantom Menace",https://www.imdb.com/title/tt0120915,Movie,6.5,136,1999,"Fantasy, Sci-Fi, Adventure, Action",902728,"1999-05-19","George Lucas"
tt2527336,1,2019-12-20,"Star Wars: Episode VIII - The Last Jedi","Star Wars: Episode VIII - The Last Jedi",https://www.imdb.com/title/tt2527336,Movie,6.9,152,2017,"Sci-Fi, Action, Adventure, Fantasy",702182,"2017-12-15","Rian Johnson"
tt2527338,1,2019-12-20,"Star Wars: Episode IX - The Rise of Skywalker","Star Wars: Episode IX - The Rise of Skywalker",https://www.imdb.com/title/tt2527338,Movie,6.4,141,2019,"Sci-Fi, Action, Adventure, Fantasy",525154,"2019-12-20","J.J. Abrams"
tt5348176,9,2019-11-24,"Barry","Barry",https://www.imdb.com/title/tt5348176,TV Series,8.3,30,2018,"Comedy, Crime, Drama, Action",135391,"2018-03-25",
tt0251160,8,2019-11-24,"John Q","John Q",https://www.imdb.com/title/tt0251160,Movie,7.1,116,2002,"Crime, Drama, Thriller",150279,"2002-02-15","Nick Cassavetes"
tt0116629,10,2019-11-24,"Independence Day","Independence Day",https://www.imdb.com/title/tt0116629,Movie,7.0,145,1996,"Adventure, Sci-Fi, Action",633339,"1996-07-03","Roland Emmerich"
tt2575988,9,2019-11-24,"Silicon Valley","Silicon Valley",https://www.imdb.com/title/tt2575988,TV Series,8.5,30,2014,"Comedy",176360,"2014-04-06",
tt1535108,6,2019-11-24,"Elysium","Elysium",https://www.imdb.com/title/tt1535108,Movie,6.6,109,2013,"Drama, Sci-Fi, Action, Thriller",484455,"2013-08-09","Neill Blomkamp"
tt0424345,7,2019-11-24,"Clerks II","Clerks II",https://www.imdb.com/title/tt0424345,Movie,7.3,97,2006,"Comedy",143182,"2006-07-21","Kevin Smith"
tt0477080,5,2019-11-24,"Unstoppable","Unstoppable",https://www.imdb.com/title/tt0477080,Movie,6.8,98,2010,"Action, Thriller",214953,"2010-11-12","Tony Scott"
tt0478970,7,2019-11-24,"Ant-Man","Ant-Man",https://www.imdb.com/title/tt0478970,Movie,7.2,117,2015,"Action, Sci-Fi, Comedy",759938,"2015-07-17","Peyton Reed"
tt2381249,8,2019-11-24,"Mission: Impossible - Rogue Nation","Mission: Impossible - Rogue Nation",https://www.imdb.com/title/tt2381249,Movie,7.4,131,2015,"Action, Adventure, Thriller",435583,"2015-07-31","Christopher McQuarrie"
tt1800241,8,2019-11-11,"American Hustle","American Hustle",https://www.imdb.com/title/tt1800241,Movie,7.2,138,2013,"Drama, Crime",512001,"2013-12-20","David O. Russell"
tt0356910,9,2019-11-11,"Mr. & Mrs. Smith","Mr. & Mrs. Smith",https://www.imdb.com/title/tt0356910,Movie,6.5,120,2005,"Comedy, Crime, Thriller, Action",574386,"2005-06-10","Doug Liman"
tt0458352,8,2019-11-11,"The Devil Wears Prada","The Devil Wears Prada",https://www.imdb.com/title/tt0458352,Movie,7.0,109,2006,"Drama, Comedy",507602,"2006-06-30","David Frankel"
tt0448157,8,2019-11-11,"Hancock","Hancock",https://www.imdb.com/title/tt0448157,Movie,6.4,92,2008,"Action, Comedy, Fantasy, Drama",530523,"2008-07-02","Peter Berg"
tt0382625,8,2019-11-11,"The Da Vinci Code","The Da Vinci Code",https://www.imdb.com/title/tt0382625,Movie,6.6,149,2006,"Thriller, Mystery",475924,"2006-05-19","Ron Howard"
tt0343818,10,2019-11-11,"I, Robot","I, Robot",https://www.imdb.com/title/tt0343818,Movie,7.1,115,2004,"Action, Mystery, Sci-Fi, Thriller",601413,"2004-07-16","Alex Proyas"
tt3488710,9,2019-11-11,"The Walk","The Walk",https://www.imdb.com/title/tt3488710,Movie,7.3,123,2015,"Adventure, Biography, Drama",139557,"2015-10-09","Robert Zemeckis"
tt4622512,9,2019-11-11,"Battle of the Sexes","Battle of the Sexes",https://www.imdb.com/title/tt4622512,Movie,6.7,121,2017,"Comedy, Biography, Sport, Drama, History",62408,"2017-09-29","Jonathan Dayton,Valerie Faris"
tt1272878,9,2019-11-11,"2 Guns","2 Guns",https://www.imdb.com/title/tt1272878,Movie,6.7,109,2013,"Action, Thriller, Comedy, Crime",233434,"2013-08-02","Baltasar Kormákur"
tt1840309,8,2019-11-11,"Divergent","Divergent",https://www.imdb.com/title/tt1840309,Movie,6.6,139,2014,"Mystery, Sci-Fi, Adventure, Action, Drama",509077,"2014-03-21","Neil Burger"
tt1599348,8,2019-11-11,"Safe House","Safe House",https://www.imdb.com/title/tt1599348,Movie,6.7,115,2012,"Thriller, Action",245225,"2012-02-10","Daniel Espinosa"
tt1282140,9,2019-11-11,"Easy A","Easy A",https://www.imdb.com/title/tt1282140,Movie,7.0,92,2010,"Comedy, Romance, Drama",434828,"2010-09-17","Will Gluck"
tt4008652,10,2019-11-11,"I Am Ali","I Am Ali",https://www.imdb.com/title/tt4008652,Movie,7.2,111,2014,"Documentary, Biography, Sport",4160,"2014-11-28","Clare Lewins"
tt0094737,10,2019-11-11,"Big","Big",https://www.imdb.com/title/tt0094737,Movie,7.3,104,1988,"Drama, Romance, Comedy, Fantasy",252383,"1988-06-03","Penny Marshall"
tt1790885,9,2019-11-11,"Zero Dark Thirty","Zero Dark Thirty",https://www.imdb.com/title/tt1790885,Movie,7.4,157,2012,"Thriller, Drama, History",333083,"2013-01-11","Kathryn Bigelow"
tt1045658,8,2019-11-11,"Silver Linings Playbook","Silver Linings Playbook",https://www.imdb.com/title/tt1045658,Movie,7.7,122,2012,"Comedy, Drama, Romance",762889,"2012-12-25","David O. Russell"
tt0790636,8,2019-11-11,"Dallas Buyers Club","Dallas Buyers Club",https://www.imdb.com/title/tt0790636,Movie,7.9,117,2013,"Drama, Biography",538249,"2013-11-22","Jean-Marc Vallée"
tt4044364,10,2019-11-11,"Citizenfour","Citizenfour",https://www.imdb.com/title/tt4044364,Movie,8.0,114,2014,"Documentary, Biography",59322,"2014-11-28","Laura Poitras"
tt0266697,10,2019-11-11,"Kill Bill: Vol. 1","Kill Bill: Vol. 1",https://www.imdb.com/title/tt0266697,Movie,8.2,111,2003,"Action, Thriller, Crime",1263570,"2003-10-10","Quentin Tarantino"
tt1392190,8,2019-11-11,"Mad Max: Fury Road","Mad Max: Fury Road",https://www.imdb.com/title/tt1392190,Movie,8.1,120,2015,"Action, Adventure, Sci-Fi",1177107,"2015-05-15","George Miller"
tt0093058,8,2019-11-11,"Full Metal Jacket","Full Metal Jacket",https://www.imdb.com/title/tt0093058,Movie,8.2,116,1987,"Drama, War",830036,"1987-07-10","Stanley Kubrick"
tt0910970,6,2019-11-11,"WALL·E","WALL·E",https://www.imdb.com/title/tt0910970,Movie,8.4,98,2008,"Animation, Sci-Fi, Adventure, Family",1275921,"2008-06-27","Andrew Stanton"
tt2582802,7,2019-11-11,"Whiplash","Whiplash",https://www.imdb.com/title/tt2582802,Movie,8.5,106,2014,"Drama, Music",1092692,"2014-10-15","Damien Chazelle"
tt4669788,9,2019-11-11,"On the Basis of Sex","On the Basis of Sex",https://www.imdb.com/title/tt4669788,Movie,7.1,120,2018,"Drama, Biography, History",41321,"2019-01-11","Mimi Leder"
tt6266538,10,2019-11-11,"Vice","Vice",https://www.imdb.com/title/tt6266538,Movie,7.2,132,2018,"Biography, Drama, Comedy, History",170698,"2018-12-25","Adam McKay"
tt1477834,7,2019-11-11,"Aquaman","Aquaman",https://www.imdb.com/title/tt1477834,Movie,6.8,143,2018,"Action, Adventure, Sci-Fi, Fantasy",542285,"2018-12-21","James Wan"
tt1571234,7,2019-11-11,"Mortal Engines","Mortal Engines",https://www.imdb.com/title/tt1571234,Movie,6.1,128,2018,"Sci-Fi, Fantasy, Action, Thriller, Adventure",149552,"2018-12-14","Christian Rivers"
tt1213641,10,2019-11-11,"First Man","First Man",https://www.imdb.com/title/tt1213641,Movie,7.3,141,2018,"Drama, Biography, History",211800,"2018-10-12","Damien Chazelle"
tt3766354,8,2019-11-11,"The Equalizer 2","The Equalizer 2",https://www.imdb.com/title/tt3766354,Movie,6.7,121,2018,"Action, Crime, Thriller, Mystery",219584,"2018-07-20","Antoine Fuqua"
tt5727282,9,2019-11-11,"Borg vs. McEnroe","Borg",https://www.imdb.com/title/tt5727282,Movie,6.9,107,2017,"Drama, Sport, Biography",35578,"2018-04-13","Janus Metz"
tt1677720,9,2019-11-11,"Ready Player One","Ready Player One",https://www.imdb.com/title/tt1677720,Movie,7.4,140,2018,"Sci-Fi, Action, Adventure",524126,"2018-03-29","Steven Spielberg"
tt5580036,8,2019-11-11,"I, Tonya","I, Tonya",https://www.imdb.com/title/tt5580036,Movie,7.5,119,2017,"Biography, Drama, Sport, Comedy",255369,"2018-01-19","Craig Gillespie"
tt1413492,8,2019-11-11,"12 Strong","12 Strong",https://www.imdb.com/title/tt1413492,Movie,6.5,130,2018,"Drama, War, History, Action",97971,"2018-01-19","Nicolai Fuglsig"
tt4555426,10,2019-11-11,"Darkest Hour","Darkest Hour",https://www.imdb.com/title/tt4555426,Movie,7.4,125,2017,"Drama, War, Biography, History",234052,"2017-12-22","Joe Wright"
tt5027774,8,2019-11-11,"Three Billboards Outside Ebbing, Missouri","Three Billboards Outside Ebbing, Missouri",https://www.imdb.com/title/tt5027774,Movie,8.1,115,2017,"Crime, Drama, Comedy",589115,"2017-12-01","Martin McDonagh"
tt3774114,9,2019-11-11,"Snowden","Snowden",https://www.imdb.com/title/tt3774114,Movie,7.3,134,2016,"Drama, Thriller, Biography, Crime",169461,"2016-09-16","Oliver Stone"
tt2872732,6,2019-11-11,"Lucy","Lucy",https://www.imdb.com/title/tt2872732,Movie,6.4,89,2014,"Action, Sci-Fi, Thriller",563463,"2014-07-25","Luc Besson"
tt1419318,10,2019-11-11,"Facing Ali","Facing Ali",https://www.imdb.com/title/tt1419318,Movie,7.9,100,2009,"Documentary, Sport, Biography",3845,"2010-12-16","Pete McCormack"
tt0169547,8,2019-11-11,"American Beauty","American Beauty",https://www.imdb.com/title/tt0169547,Movie,8.3,122,1999,"Drama",1257501,"1999-10-01","Sam Mendes"
tt0095016,9,2019-11-02,"Die Hard","Die Hard",https://www.imdb.com/title/tt0095016,Movie,8.2,132,1988,"Thriller, Action",998309,"1988-07-20","John McTiernan"
tt1759761,10,2019-11-02,"Veep","Veep",https://www.imdb.com/title/tt1759761,TV Series,8.4,30,2012,"Comedy",69217,"2012-04-22",
tt0496424,9,2019-11-02,"30 Rock","30 Rock",https://www.imdb.com/title/tt0496424,TV Series,8.3,22,2006,"Comedy",135996,"2006-09-10",
tt2543312,10,2019-11-02,"Halt and Catch Fire","Halt and Catch Fire",https://www.imdb.com/title/tt2543312,TV Series,8.4,60,2014,"Drama",37167,"2014-06-01",
tt1205489,5,2019-11-02,"Gran Torino","Gran Torino",https://www.imdb.com/title/tt1205489,Movie,8.1,116,2008,"Drama",845517,"2009-01-09","Clint Eastwood"
tt0119217,10,2019-11-02,"Good Will Hunting","Good Will Hunting",https://www.imdb.com/title/tt0119217,Movie,8.3,126,1997,"Romance, Drama",1154027,"1998-01-09","Gus Van Sant"
tt0086190,9,2019-11-02,"Star Wars: Episode VI - Return of the Jedi","Star Wars: Episode VI - Return of the Jedi",https://www.imdb.com/title/tt0086190,Movie,8.3,131,1983,"Sci-Fi, Adventure, Action, Fantasy",1177615,"1983-05-25","Richard Marquand"
tt4270492,7,2019-11-02,"Billions","Billions",https://www.imdb.com/title/tt4270492,TV Series,8.3,60,2016,"Drama",115324,"2016-01-01",
tt0088763,9,2019-11-02,"Back to the Future","Back to the Future",https://www.imdb.com/title/tt0088763,Movie,8.5,116,1985,"Comedy, Sci-Fi, Adventure",1395830,"1985-07-03","Robert Zemeckis"
tt0080684,9,2019-11-02,"Star Wars: Episode V - The Empire Strikes Back","Star Wars: Episode V - The Empire Strikes Back",https://www.imdb.com/title/tt0080684,Movie,8.7,124,1980,"Fantasy, Sci-Fi, Adventure, Action",1460064,"1980-06-18","Irvin Kershner"
tt0364845,10,2019-11-02,"NCIS","NCIS: Naval Criminal Investigative Service",https://www.imdb.com/title/tt0364845,TV Series,7.8,60,2003,"Drama, Action, Crime, Mystery, Thriller",172475,"2003-09-23",
tt0121955,9,2019-11-02,"South Park","South Park",https://www.imdb.com/title/tt0121955,TV Series,8.7,22,1997,"Animation, Comedy",428901,"1997-08-13",
tt4955642,9,2019-11-02,"The Good Place","The Good Place",https://www.imdb.com/title/tt4955642,TV Series,8.2,22,2016,"Comedy, Fantasy, Romance, Drama, Mystery",210273,"2016-09-19",
tt0386676,8,2019-11-02,"The Office","The Office",https://www.imdb.com/title/tt0386676,TV Series,9.0,22,2005,"Comedy",788350,"2005-03-24",
tt4786824,10,2019-11-02,"The Crown","The Crown",https://www.imdb.com/title/tt4786824,TV Series,8.6,60,2016,"Drama, History, Biography",272793,"2016-11-04",
tt0076759,9,2019-11-02,"Star Wars: Episode IV - A New Hope","Star Wars",https://www.imdb.com/title/tt0076759,Movie,8.6,121,1977,"Sci-Fi, Adventure, Fantasy, Action",1526806,"1977-05-25","George Lucas"
tt1483013,10,2019-11-02,"Oblivion","Oblivion",https://www.imdb.com/title/tt1483013,Movie,7.0,124,2013,"Action, Sci-Fi, Adventure",575503,"2013-04-19","Joseph Kosinski"
tt0181689,9,2019-11-02,"Minority Report","Minority Report",https://www.imdb.com/title/tt0181689,Movie,7.6,145,2002,"Crime, Sci-Fi, Mystery, Thriller, Action",607612,"2002-06-21","Steven Spielberg"
tt1790864,7,2019-11-02,"The Maze Runner","The Maze Runner",https://www.imdb.com/title/tt1790864,Movie,6.8,113,2014,"Sci-Fi, Mystery, Thriller, Action",542365,"2014-09-19","Wes Ball"
tt0261392,6,2019-11-02,"Jay and Silent Bob Strike Back","Jay and Silent Bob Strike Back",https://www.imdb.com/title/tt0261392,Movie,6.8,104,2001,"Comedy",164694,"2001-08-24","Kevin Smith"
tt1796960,8,2019-11-02,"Homeland","Homeland",https://www.imdb.com/title/tt1796960,TV Series,8.3,60,2011,"Drama, Mystery, Thriller, Crime",371288,"2011-10-02",
tt1490017,8,2019-11-02,"The Lego Movie","The Lego Movie",https://www.imdb.com/title/tt1490017,Movie,7.7,100,2014,"Animation, Comedy, Family, Adventure, Fantasy, Sci-Fi, Action",405725,"2014-02-07","Phil Lord,Christopher Miller"
tt0079817,8,2019-11-02,"Rocky II","Rocky II",https://www.imdb.com/title/tt0079817,Movie,7.3,119,1979,"Sport, Drama",242878,"1979-06-15","Sylvester Stallone"
tt3300542,7,2019-10-30,"London Has Fallen","London Has Fallen",https://www.imdb.com/title/tt3300542,Movie,5.9,99,2016,"Action, Thriller",176901,"2016-03-04","Babak Najafi"
tt2980516,8,2019-10-30,"The Theory of Everything","The Theory of Everything",https://www.imdb.com/title/tt2980516,Movie,7.7,123,2014,"Drama, Biography, Romance",500593,"2014-11-26","James Marsh"
tt0121766,8,2019-10-30,"Star Wars: Episode III - Revenge of the Sith","Star Wars: Episode III - Revenge of the Sith",https://www.imdb.com/title/tt0121766,Movie,7.6,140,2005,"Fantasy, Adventure, Sci-Fi, Action",895436,"2005-05-19","George Lucas"
tt1631867,10,2019-10-30,"Edge of Tomorrow","Edge of Tomorrow",https://www.imdb.com/title/tt1631867,Movie,7.9,113,2014,"Action, Sci-Fi, Adventure",781675,"2014-06-06","Doug Liman"
tt0120338,7,2019-10-30,"Titanic","Titanic",https://www.imdb.com/title/tt0120338,Movie,7.9,194,1997,"Romance, Drama",1352380,"1997-12-19","James Cameron"
tt0405159,7,2019-10-30,"Million Dollar Baby","Million Dollar Baby",https://www.imdb.com/title/tt0405159,Movie,8.1,132,2004,"Drama, Sport",751769,"2005-01-28","Clint Eastwood"
tt0066206,10,2019-10-30,"Patton","Patton",https://www.imdb.com/title/tt0066206,Movie,7.9,172,1970,"Biography, Drama, War",112373,"1970-04-02","Franklin J. Schaffner"
tt0075148,10,2019-10-30,"Rocky","Rocky",https://www.imdb.com/title/tt0075148,Movie,8.1,120,1976,"Sport, Drama",667940,"1976-12-03","John G. Avildsen"
tt0071562,10,2019-10-30,"The Godfather Part II","The Godfather Part II",https://www.imdb.com/title/tt0071562,Movie,9.0,202,1974,"Crime, Drama",1446337,"1974-12-18","Francis Ford Coppola"
tt0075686,7,2019-10-30,"Annie Hall","Annie Hall",https://www.imdb.com/title/tt0075686,Movie,7.9,93,1977,"Romance, Comedy",285713,"1977-04-20","Woody Allen"
tt0477348,7,2019-10-30,"No Country for Old Men","No Country for Old Men",https://www.imdb.com/title/tt0477348,Movie,8.2,122,2007,"Thriller, Crime, Drama",1140445,"2007-11-21","Ethan Coen,Joel Coen"
tt0887912,7,2019-10-30,"The Hurt Locker","The Hurt Locker",https://www.imdb.com/title/tt0887912,Movie,7.5,131,2008,"Thriller, Drama, War",487331,"2009-07-31","Kathryn Bigelow"
tt1010048,10,2019-10-30,"Slumdog Millionaire","Slumdog Millionaire",https://www.imdb.com/title/tt1010048,Movie,8.0,120,2008,"Drama, Romance, Crime",898933,"2008-12-25","Danny Boyle,Loveleen Tandan"
tt1504320,10,2019-10-30,"The King's Speech","The King's Speech",https://www.imdb.com/title/tt1504320,Movie,8.0,118,2010,"Drama, Biography, History",724499,"2010-12-25","Tom Hooper"
tt1024648,9,2019-10-30,"Argo","Argo",https://www.imdb.com/title/tt1024648,Movie,7.7,120,2012,"Thriller, Drama, Biography, History",655790,"2012-10-12","Ben Affleck"
tt1895587,8,2019-10-30,"Spotlight","Spotlight",https://www.imdb.com/title/tt1895587,Movie,8.1,129,2015,"Drama, Crime, Biography",523231,"2015-11-20","Tom McCarthy"
tt3315342,8,2019-10-27,"Logan","Logan",https://www.imdb.com/title/tt3315342,Movie,8.1,137,2017,"Action, Sci-Fi, Drama, Thriller",900407,"2017-03-03","James Mangold"
tt0084602,8,2019-10-27,"Rocky III","Rocky III",https://www.imdb.com/title/tt0084602,Movie,6.9,99,1982,"Sport, Drama",222055,"1982-05-28","Sylvester Stallone"
tt0089927,10,2019-10-27,"Rocky IV","Rocky IV",https://www.imdb.com/title/tt0089927,Movie,6.9,91,1985,"Sport, Drama",238288,"1985-11-27","Sylvester Stallone"
tt0250494,7,2019-10-27,"Legally Blonde","Legally Blonde",https://www.imdb.com/title/tt0250494,Movie,6.5,96,2001,"Romance, Comedy",272010,"2001-07-13","Robert Luketic"
tt0112384,8,2019-10-27,"Apollo 13","Apollo 13",https://www.imdb.com/title/tt0112384,Movie,7.7,140,1995,"Adventure, History, Drama",328914,"1995-06-30","Ron Howard"
tt4425200,7,2019-10-27,"John Wick: Chapter 2","John Wick: Chapter 2",https://www.imdb.com/title/tt4425200,Movie,7.4,122,2017,"Action, Thriller, Crime",550634,"2017-02-10","Chad Stahelski"
tt1136608,9,2019-10-27,"District 9","District 9",https://www.imdb.com/title/tt1136608,Movie,7.9,112,2009,"Sci-Fi, Action, Thriller",739833,"2009-08-14","Neill Blomkamp"
tt1253863,7,2019-10-27,"300: Rise of an Empire","300: Rise of an Empire",https://www.imdb.com/title/tt1253863,Movie,6.2,102,2014,"Action, Drama",325036,"2014-03-07","Noam Murro"
tt0266543,8,2019-10-27,"Finding Nemo","Finding Nemo",https://www.imdb.com/title/tt0266543,Movie,8.2,100,2003,"Animation, Family, Comedy, Adventure",1172506,"2003-05-30","Andrew Stanton,Lee Unkrich"
tt3263904,9,2019-10-27,"Sully","Sully",https://www.imdb.com/title/tt3263904,Movie,7.4,96,2016,"Drama, Biography",314530,"2016-09-09","Clint Eastwood"
tt3682448,10,2019-10-27,"Bridge of Spies","Bridge of Spies",https://www.imdb.com/title/tt3682448,Movie,7.6,142,2015,"Drama, Thriller, History, War",338668,"2015-10-16","Steven Spielberg"
tt1535109,9,2019-10-27,"Captain Phillips","Captain Phillips",https://www.imdb.com/title/tt1535109,Movie,7.8,134,2013,"Drama, Biography, Thriller, Crime, Action",511017,"2013-10-11","Paul Greengrass"
tt0472062,10,2019-10-27,"Charlie Wilson's War","Charlie Wilson's War",https://www.imdb.com/title/tt0472062,Movie,7.0,102,2007,"Drama, Biography, Comedy, History",128883,"2007-12-21","Mike Nichols"
tt0362227,8,2019-10-27,"The Terminal","The Terminal",https://www.imdb.com/title/tt0362227,Movie,7.4,128,2004,"Drama, Comedy, Romance",519064,"2004-06-18","Steven Spielberg"
tt0257044,10,2019-10-27,"Road to Perdition","Road to Perdition",https://www.imdb.com/title/tt0257044,Movie,7.7,117,2002,"Thriller, Crime, Drama",295318,"2002-07-12","Sam Mendes"
tt5296406,9,2019-10-10,"Designated Survivor","Designated Survivor",https://www.imdb.com/title/tt5296406,TV Series,7.4,60,2016,"Drama, Thriller, Action, Mystery",112368,"2016-09-21",
tt0272020,9,2019-10-06,"The Last Castle","The Last Castle",https://www.imdb.com/title/tt0272020,Movie,6.9,131,2001,"Thriller, Drama, Action",88151,"2001-10-19","Rod Lurie"
tt0196229,7,2019-08-10,"Zoolander","Zoolander",https://www.imdb.com/title/tt0196229,Movie,6.5,90,2001,"Comedy",308777,"2001-09-28","Ben Stiller"
tt2911666,8,2019-07-23,"John Wick","John Wick",https://www.imdb.com/title/tt2911666,Movie,7.5,101,2014,"Action, Thriller, Crime",795899,"2014-10-24","Chad Stahelski"
tt6320628,5,2019-07-23,"Spider-Man: Far from Home","Spider-Man: Far from Home",https://www.imdb.com/title/tt6320628,Movie,7.4,129,2019,"Action, Adventure, Sci-Fi, Comedy, Fantasy",609481,"2019-07-02","Jon Watts"
tt0110357,8,2019-07-23,"The Lion King","The Lion King",https://www.imdb.com/title/tt0110357,Movie,8.5,88,1994,"Animation, Musical, Drama, Adventure, Family",1217193,"1994-06-24","Roger Allers,Rob Minkoff"
tt10575038,10,2019-07-16,"Aziz Ansari: Right Now","Aziz Ansari: Right Now",https://www.imdb.com/title/tt10575038,TV Special,7.5,65,2019,"Comedy",5502,"2019-07-09","Spike Jonze"
tt4154664,6,2019-05-13,"Captain Marvel","Captain Marvel",https://www.imdb.com/title/tt4154664,Movie,6.7,123,2019,"Action, Adventure, Sci-Fi",641173,"2019-03-08","Anna Boden,Ryan Fleck"
tt4154796,9,2019-05-13,"Avengers: Endgame","Avengers: Endgame",https://www.imdb.com/title/tt4154796,Movie,8.4,181,2019,"Action, Sci-Fi, Adventure",1380027,"2019-04-26","Anthony Russo,Joe Russo"
tt1907668,8,2019-04-04,"Flight","Flight",https://www.imdb.com/title/tt1907668,Movie,7.3,138,2012,"Drama, Thriller",389781,"2012-11-02","Robert Zemeckis"
tt1037705,9,2019-04-04,"The Book of Eli","The Book of Eli",https://www.imdb.com/title/tt1037705,Movie,6.8,118,2010,"Adventure, Drama, Thriller, Action",353989,"2010-01-15","Albert Hughes,Allen Hughes"
tt2005151,10,2019-04-04,"War Dogs","War Dogs",https://www.imdb.com/title/tt2005151,Movie,7.1,114,2016,"Comedy, Drama, War, Crime, Biography",283341,"2016-08-19","Todd Phillips"
tt1853728,9,2019-04-04,"Django Unchained","Django Unchained",https://www.imdb.com/title/tt1853728,Movie,8.5,165,2012,"Western, Drama",1813718,"2012-12-25","Quentin Tarantino"
tt3397884,9,2019-04-04,"Sicario","Sicario",https://www.imdb.com/title/tt3397884,Movie,7.7,121,2015,"Drama, Crime, Mystery, Thriller, Action",515434,"2015-10-02","Denis Villeneuve"
tt4540710,9,2019-04-04,"Miss Sloane","Miss Sloane",https://www.imdb.com/title/tt4540710,Movie,7.5,132,2016,"Drama",86683,"2016-12-09","John Madden"
tt2084970,9,2019-04-04,"The Imitation Game","The Imitation Game",https://www.imdb.com/title/tt2084970,Movie,8.0,114,2014,"Drama, Biography, Thriller, War",859645,"2014-12-25","Morten Tyldum"
tt0119116,10,2019-04-04,"The Fifth Element","The Fifth Element",https://www.imdb.com/title/tt0119116,Movie,7.6,126,1997,"Adventure, Sci-Fi, Action",531358,"1997-05-09","Luc Besson"
tt0361748,9,2019-04-04,"Inglourious Basterds","Inglourious Basterds",https://www.imdb.com/title/tt0361748,Movie,8.4,153,2009,"War, Adventure, Drama",1707780,"2009-08-21","Quentin Tarantino"
tt1475582,10,2019-04-04,"Sherlock","Sherlock",https://www.imdb.com/title/tt1475582,TV Series,9.0,90,2010,"Crime, Mystery, Drama, Thriller",1057849,"2010-10-24",
tt0475784,10,2019-04-04,"Westworld","Westworld",https://www.imdb.com/title/tt0475784,TV Series,8.4,60,2016,"Sci-Fi, Drama, Mystery",550576,"2016-10-02",
tt0434409,10,2019-04-04,"V for Vendetta","V for Vendetta",https://www.imdb.com/title/tt0434409,Movie,8.1,132,2005,"Thriller, Action, Drama, Sci-Fi",1223265,"2006-03-17","James McTeigue"
tt1276104,10,2019-04-04,"Looper","Looper",https://www.imdb.com/title/tt1276104,Movie,7.4,119,2012,"Sci-Fi, Action, Thriller, Drama",620345,"2012-09-28","Rian Johnson"
tt0416449,10,2019-04-04,"300","300",https://www.imdb.com/title/tt0416449,Movie,7.6,117,2006,"Action, Drama",896773,"2007-03-09","Zack Snyder"
tt1454468,7,2019-04-04,"Gravity","Gravity",https://www.imdb.com/title/tt1454468,Movie,7.7,91,2013,"Sci-Fi, Thriller, Drama",886358,"2013-10-04","Alfonso Cuarón"
tt0993846,9,2019-04-04,"The Wolf of Wall Street","The Wolf of Wall Street",https://www.imdb.com/title/tt0993846,Movie,8.2,180,2013,"Crime, Drama, Biography, Comedy",1710810,"2013-12-25","Martin Scorsese"
tt1860357,8,2019-04-04,"Deepwater Horizon","Deepwater Horizon",https://www.imdb.com/title/tt1860357,Movie,7.1,107,2016,"Drama, Thriller, Action, History",193528,"2016-09-30","Peter Berg"
tt0268978,9,2019-04-04,"A Beautiful Mind","A Beautiful Mind",https://www.imdb.com/title/tt0268978,Movie,8.2,135,2001,"Biography, Mystery, Drama",1030282,"2002-01-04","Ron Howard"
tt0086250,10,2019-04-04,"Scarface","Scarface",https://www.imdb.com/title/tt0086250,Movie,8.3,170,1983,"Crime, Drama",979635,"1983-12-09","Brian De Palma"
tt0377092,10,2019-04-04,"Mean Girls","Mean Girls",https://www.imdb.com/title/tt0377092,Movie,7.1,97,2004,"Comedy",468335,"2004-04-30","Mark Waters"
tt0114814,10,2019-04-04,"The Usual Suspects","The Usual Suspects",https://www.imdb.com/title/tt0114814,Movie,8.5,106,1995,"Drama, Crime, Mystery, Thriller",1201033,"1995-08-16","Bryan Singer"
tt0120815,9,2019-04-04,"Saving Private Ryan","Saving Private Ryan",https://www.imdb.com/title/tt0120815,Movie,8.6,169,1998,"Drama, War",1587018,"1998-07-24","Steven Spielberg"
tt0482571,10,2019-04-04,"The Prestige","The Prestige",https://www.imdb.com/title/tt0482571,Movie,8.5,130,2006,"Drama, Thriller, Mystery, Sci-Fi",1533525,"2006-10-20","Christopher Nolan"
tt0499549,9,2019-04-04,"Avatar","Avatar",https://www.imdb.com/title/tt0499549,Movie,7.9,162,2009,"Sci-Fi, Action, Adventure, Fantasy",1441544,"2009-12-18","James Cameron"
tt7493974,10,2019-04-04,"Bodyguard","Bodyguard",https://www.imdb.com/title/tt7493974,TV Series,8.0,60,2018,"Thriller, Crime, Drama, Mystery",163422,"2018-10-24",
tt1386697,5,2019-04-04,"Suicide Squad","Suicide Squad",https://www.imdb.com/title/tt1386697,Movie,5.9,123,2016,"Action, Sci-Fi, Adventure, Fantasy",746258,"2016-08-05","David Ayer"
tt1981677,10,2019-04-04,"Pitch Perfect","Pitch Perfect",https://www.imdb.com/title/tt1981677,Movie,7.1,112,2012,"Comedy, Music, Romance",343620,"2012-10-05","Jason Moore"
tt2543164,9,2019-04-04,"Arrival","Arrival",https://www.imdb.com/title/tt2543164,Movie,7.9,116,2016,"Sci-Fi, Drama, Mystery",829365,"2016-11-11","Denis Villeneuve"
tt0118715,10,2019-04-04,"The Big Lebowski","The Big Lebowski",https://www.imdb.com/title/tt0118715,Movie,8.1,117,1998,"Crime, Comedy",897711,"1998-03-06","Joel Coen,Ethan Coen"
tt1856010,8,2019-04-04,"House of Cards","House of Cards",https://www.imdb.com/title/tt1856010,TV Series,8.6,50,2013,"Drama, Thriller",550007,"2013-02-01",
tt0458339,7,2019-04-04,"Captain America: The First Avenger","Captain America: The First Avenger",https://www.imdb.com/title/tt0458339,Movie,6.9,124,2011,"Action, Adventure, Sci-Fi",943200,"2011-07-22","Joe Johnston"
tt0068646,10,2019-04-04,"The Godfather","The Godfather",https://www.imdb.com/title/tt0068646,Movie,9.2,175,1972,"Crime, Drama",2150739,"1972-03-24","Francis Ford Coppola"
tt4172430,8,2019-04-04,"13 Hours: The Secret Soldiers of Benghazi","13 Hours: The Secret Soldiers of Benghazi",https://www.imdb.com/title/tt4172430,Movie,7.3,144,2016,"Drama, Action, War, Thriller, History",173843,"2016-01-15","Michael Bay"
tt0455944,9,2019-04-04,"The Equalizer","The Equalizer",https://www.imdb.com/title/tt0455944,Movie,7.3,132,2014,"Thriller, Action, Crime",451271,"2014-09-26","Antoine Fuqua"
tt0137523,10,2019-04-04,"Fight Club","Fight Club",https://www.imdb.com/title/tt0137523,Movie,8.8,139,1999,"Drama, Crime, Thriller",2501662,"1999-10-15","David Fincher"
tt0800369,8,2019-04-04,"Thor","Thor",https://www.imdb.com/title/tt0800369,Movie,7.0,115,2011,"Action, Fantasy",942639,"2011-05-06","Kenneth Branagh"
tt0120737,9,2019-04-04,"The Lord of the Rings: The Fellowship of the Ring","The Lord of the Rings: The Fellowship of the Ring",https://www.imdb.com/title/tt0120737,Movie,8.9,178,2001,"Drama, Adventure, Fantasy",2132010,"2001-12-19","Peter Jackson"
tt0133093,10,2019-04-04,"The Matrix","The Matrix",https://www.imdb.com/title/tt0133093,Movie,8.7,136,1999,"Action, Sci-Fi",2178270,"1999-03-31","Lana Wachowski,Lilly Wachowski"
tt0296310,9,2019-04-04,"The Blue Planet","The Blue Planet",https://www.imdb.com/title/tt0296310,TV Series,9.0,50,2001,"Documentary",46455,"2002-01-27",
tt0795176,10,2019-04-04,"Planet Earth","Planet Earth",https://www.imdb.com/title/tt0795176,TV Mini Series,9.4,50,2006,"Documentary, Family",228915,"2007-03-25",
tt0247745,10,2019-04-04,"Super Troopers","Super Troopers",https://www.imdb.com/title/tt0247745,Movie,7.0,100,2001,"Mystery, Crime, Comedy",116821,"2002-02-15","Jay Chandrasekhar"
tt0139654,10,2019-04-04,"Training Day","Training Day",https://www.imdb.com/title/tt0139654,Movie,7.8,122,2001,"Crime, Drama, Thriller",501005,"2001-10-05","Antoine Fuqua"
tt1670345,10,2019-04-04,"Now You See Me","Now You See Me",https://www.imdb.com/title/tt1670345,Movie,7.2,115,2013,"Thriller, Crime, Mystery",746473,"2013-05-31","Louis Leterrier"
tt0264464,10,2019-04-04,"Catch Me If You Can","Catch Me If You Can",https://www.imdb.com/title/tt0264464,Movie,8.1,141,2002,"Drama, Biography, Crime",1182175,"2002-12-25","Steven Spielberg"
tt3076658,8,2019-04-04,"Creed","Creed",https://www.imdb.com/title/tt3076658,Movie,7.6,133,2015,"Drama, Sport, Action",325256,"2015-11-25","Ryan Coogler"
tt0372784,9,2019-04-04,"Batman Begins","Batman Begins",https://www.imdb.com/title/tt0372784,Movie,8.2,140,2005,"Action, Crime, Drama, Thriller",1664221,"2005-06-15","Christopher Nolan"
tt1228705,8,2019-04-04,"Iron Man 2","Iron Man 2",https://www.imdb.com/title/tt1228705,Movie,6.9,124,2010,"Action, Sci-Fi",913088,"2010-05-07","Jon Favreau"
tt3659388,10,2019-04-04,"The Martian","The Martian",https://www.imdb.com/title/tt3659388,Movie,8.0,144,2015,"Sci-Fi, Adventure, Drama",977172,"2015-10-02","Ridley Scott"
tt1300854,8,2019-04-04,"Iron Man 3","Iron Man Three",https://www.imdb.com/title/tt1300854,Movie,7.1,130,2013,"Action, Adventure, Sci-Fi",941352,"2013-05-03","Shane Black"
tt0109830,10,2019-04-04,"Forrest Gump","Forrest Gump",https://www.imdb.com/title/tt0109830,Movie,8.8,142,1994,"Romance, Drama",2408842,"1994-07-06","Robert Zemeckis"
tt1843866,7,2019-04-04,"Captain America: The Winter Soldier","Captain America: The Winter Soldier",https://www.imdb.com/title/tt1843866,Movie,7.7,136,2014,"Action, Adventure, Sci-Fi, Thriller",945615,"2014-04-04","Anthony Russo,Joe Russo"
tt1981115,8,2019-04-04,"Thor: The Dark World","Thor: The Dark World",https://www.imdb.com/title/tt1981115,Movie,6.7,112,2013,"Action, Adventure, Fantasy, Sci-Fi",758934,"2013-11-08","Alan Taylor"
tt0371746,8,2019-04-04,"Iron Man","Iron Man",https://www.imdb.com/title/tt0371746,Movie,7.9,126,2008,"Action, Sci-Fi, Adventure",1187821,"2008-05-02","Jon Favreau"
tt1431045,8,2019-04-04,"Deadpool","Deadpool",https://www.imdb.com/title/tt1431045,Movie,8.0,108,2016,"Action, Sci-Fi, Comedy",1219782,"2016-02-12","Tim Miller"
tt1375666,9,2019-04-04,"Inception","Inception",https://www.imdb.com/title/tt1375666,Movie,8.8,148,2010,"Sci-Fi, Thriller, Action, Adventure",2717596,"2010-07-16","Christopher Nolan"
tt0111161,10,2019-04-04,"The Shawshank Redemption","The Shawshank Redemption",https://www.imdb.com/title/tt0111161,Movie,9.3,142,1994,"Drama",3084109,"1994-10-14","Frank Darabont"
tt1266020,9,2019-04-04,"Parks and Recreation","Parks and Recreation",https://www.imdb.com/title/tt1266020,TV Series,8.6,22,2009,"Comedy",306000,"2009-04-09",
tt2848292,7,2019-04-04,"Pitch Perfect 2","Pitch Perfect 2",https://www.imdb.com/title/tt2848292,Movie,6.4,115,2015,"Comedy, Music",176671,"2015-05-15","Elizabeth Banks"
tt2096673,8,2019-04-04,"Inside Out","Inside Out",https://www.imdb.com/title/tt2096673,Movie,8.1,95,2015,"Animation, Comedy, Family, Adventure, Drama, Fantasy",880147,"2015-06-19","Pete Docter,Ronnie Del Carmen"
tt0120382,10,2019-04-04,"The Truman Show","The Truman Show",https://www.imdb.com/title/tt0120382,Movie,8.2,103,1998,"Comedy, Drama",1306396,"1998-06-05","Peter Weir"
tt2488496,4,2019-04-04,"Star Wars: Episode VII - The Force Awakens","Star Wars: Episode VII - The Force Awakens",https://www.imdb.com/title/tt2488496,Movie,7.7,138,2015,"Sci-Fi, Action, Adventure",1007612,"2015-12-18","J.J. Abrams"
tt1211837,8,2019-04-04,"Doctor Strange","Doctor Strange",https://www.imdb.com/title/tt1211837,Movie,7.5,115,2016,"Fantasy, Adventure, Action, Sci-Fi",854010,"2016-11-04","Scott Derrickson"
tt0167260,9,2019-04-04,"The Lord of the Rings: The Return of the King","The Lord of the Rings: The Return of the King",https://www.imdb.com/title/tt0167260,Movie,9.0,201,2003,"Drama, Adventure, Fantasy",2099714,"2003-12-17","Peter Jackson"
tt2395427,9,2019-04-04,"Avengers: Age of Ultron","Avengers: Age of Ultron",https://www.imdb.com/title/tt2395427,Movie,7.3,141,2015,"Action, Adventure, Sci-Fi",971250,"2015-05-01","Joss Whedon"
tt0848228,9,2019-04-04,"The Avengers","The Avengers",https://www.imdb.com/title/tt0848228,Movie,8.0,143,2012,"Action, Sci-Fi",1522147,"2012-05-04","Joss Whedon"
tt3896198,8,2019-04-04,"Guardians of the Galaxy Vol. 2","Guardians of the Galaxy Vol. 2",https://www.imdb.com/title/tt3896198,Movie,7.6,136,2017,"Action, Sci-Fi, Adventure, Comedy",804891,"2017-05-05","James Gunn"
tt2015381,8,2019-04-04,"Guardians of the Galaxy","Guardians of the Galaxy",https://www.imdb.com/title/tt2015381,Movie,8.0,121,2014,"Sci-Fi, Action, Adventure, Comedy",1330008,"2014-08-01","James Gunn"
tt1727824,8,2019-04-04,"Bohemian Rhapsody","Bohemian Rhapsody",https://www.imdb.com/title/tt1727824,Movie,7.9,134,2018,"Biography, Drama, Music",627578,"2018-11-02","Bryan Singer"
tt3498820,7,2019-03-17,"Captain America: Civil War","Captain America: Civil War",https://www.imdb.com/title/tt3498820,Movie,7.8,147,2016,"Action, Sci-Fi",899558,"2016-05-06","Anthony Russo,Joe Russo"
tt4154756,8,2019-03-17,"Avengers: Infinity War","Avengers: Infinity War",https://www.imdb.com/title/tt4154756,Movie,8.4,149,2018,"Action, Sci-Fi, Adventure",1310371,"2018-04-27","Anthony Russo,Joe Russo"
tt0816692,7,2019-03-17,"Interstellar","Interstellar",https://www.imdb.com/title/tt0816692,Movie,8.7,169,2014,"Sci-Fi, Adventure, Drama",2388714,"2014-11-07","Christopher Nolan"
tt1355631,7,2019-03-17,"The Infiltrator","The Infiltrator",https://www.imdb.com/title/tt1355631,Movie,7.0,127,2016,"Crime, Drama, Biography, Thriller",83459,"2016-07-13","Brad Furman"
tt0765429,8,2019-03-17,"American Gangster","American Gangster",https://www.imdb.com/title/tt0765429,Movie,7.8,157,2007,"Drama, Crime, Biography",475250,"2007-11-02","Ridley Scott"
tt4209788,8,2018-12-29,"Molly's Game","Molly's Game",https://www.imdb.com/title/tt4209788,Movie,7.4,140,2017,"Drama, Biography, Crime",198353,"2018-01-05","Aaron Sorkin"
tt6294822,8,2018-12-29,"The Post","The Post",https://www.imdb.com/title/tt6294822,Movie,7.2,116,2017,"Drama, Biography, History, Thriller, War",168867,"2018-01-12","Steven Spielberg"
tt0086879,9,2018-12-29,"Amadeus","Amadeus",https://www.imdb.com/title/tt0086879,Movie,8.4,160,1984,"Drama, Music, Biography",453221,"1984-09-19","Milos Forman"
tt1345836,10,2018-12-15,"The Dark Knight Rises","The Dark Knight Rises",https://www.imdb.com/title/tt1345836,Movie,8.4,164,2012,"Action, Drama, Thriller, Crime",1934285,"2012-07-20","Christopher Nolan"
tt0167261,10,2018-11-09,"The Lord of the Rings: The Two Towers","The Lord of the Rings: The Two Towers",https://www.imdb.com/title/tt0167261,Movie,8.8,179,2002,"Drama, Adventure, Fantasy",1893825,"2002-12-18","Peter Jackson"
tt0110912,10,2018-11-09,"Pulp Fiction","Pulp Fiction",https://www.imdb.com/title/tt0110912,Movie,8.8,154,1994,"Crime, Drama",2360521,"1994-10-14","Quentin Tarantino"
tt1219289,8,2018-09-24,"Limitless","Limitless",https://www.imdb.com/title/tt1219289,Movie,7.4,105,2011,"Thriller, Sci-Fi",633947,"2011-03-18","Neil Burger"
tt3104988,10,2018-09-18,"Crazy Rich Asians","Crazy Rich Asians",https://www.imdb.com/title/tt3104988,Movie,6.9,120,2018,"Comedy, Romance, Drama",202987,"2018-08-15","Jon M. Chu"
tt0185906,10,2018-09-18,"Band of Brothers","Band of Brothers",https://www.imdb.com/title/tt0185906,TV Mini Series,9.4,60,2001,"History, Action, Drama, War",569512,"2001-09-09",
tt3606756,9,2018-08-26,"Incredibles 2","Incredibles 2",https://www.imdb.com/title/tt3606756,Movie,7.5,118,2018,"Animation, Action, Adventure, Family, Sci-Fi, Comedy, Thriller",356361,"2018-06-15","Brad Bird"
tt4765284,7,2018-08-26,"Pitch Perfect 3","Pitch Perfect 3",https://www.imdb.com/title/tt4765284,Movie,5.8,93,2017,"Comedy, Music",76198,"2017-12-22","Trish Sie"
tt2283362,7,2018-08-26,"Jumanji: Welcome to the Jungle","Jumanji: Welcome to the Jungle",https://www.imdb.com/title/tt2283362,Movie,7.0,119,2017,"Adventure, Fantasy, Action, Comedy",485363,"2017-12-20","Jake Kasdan"
tt4846340,8,2018-08-26,"Hidden Figures","Hidden Figures",https://www.imdb.com/title/tt4846340,Movie,7.8,127,2016,"Drama, History, Biography",278430,"2017-01-06","Theodore Melfi"
tt5463162,9,2018-08-26,"Deadpool 2","Deadpool 2",https://www.imdb.com/title/tt5463162,Movie,7.6,119,2018,"Action, Adventure, Comedy, Sci-Fi",722163,"2018-05-18","David Leitch"
tt5013056,8,2018-08-26,"Dunkirk","Dunkirk",https://www.imdb.com/title/tt5013056,Movie,7.8,106,2017,"War, Drama, Action, History, Thriller",782047,"2017-07-21","Christopher Nolan"
tt4912910,10,2018-08-21,"Mission: Impossible - Fallout","Mission: Impossible - Fallout",https://www.imdb.com/title/tt4912910,Movie,7.7,147,2018,"Action, Adventure, Thriller",406934,"2018-07-27","Christopher McQuarrie"
tt3402236,6,2018-03-01,"Murder on the Orient Express","Murder on the Orient Express",https://www.imdb.com/title/tt3402236,Movie,6.5,114,2017,"Drama, Mystery, Crime, Thriller, Comedy",313372,"2017-11-10","Kenneth Branagh"
tt3501632,9,2018-03-01,"Thor: Ragnarok","Thor: Ragnarok",https://www.imdb.com/title/tt3501632,Movie,7.9,130,2017,"Action, Sci-Fi, Adventure, Comedy, Fantasy",866816,"2017-11-03","Taika Waititi"
tt1825683,9,2018-03-01,"Black Panther","Black Panther",https://www.imdb.com/title/tt1825683,Movie,7.3,134,2018,"Action, Adventure, Sci-Fi",885435,"2018-02-16","Ryan Coogler"
tt0238380,10,2018-02-25,"Equilibrium","Equilibrium",https://www.imdb.com/title/tt0238380,Movie,7.3,107,2002,"Drama, Sci-Fi, Thriller, Action",357117,"2002-12-06","Kurt Wimmer"
tt0944947,10,2018-02-25,"Game of Thrones","Game of Thrones",https://www.imdb.com/title/tt0944947,TV Series,9.2,60,2011,"Fantasy, Drama, Adventure, Action",2467900,"2011-04-17",
tt2261227,8,2018-02-25,"Altered Carbon","Altered Carbon",https://www.imdb.com/title/tt2261227,TV Series,7.9,60,2018,"Sci-Fi, Drama, Action, Adventure",198029,"2018-02-02",
tt0407887,9,2018-02-25,"The Departed","The Departed",https://www.imdb.com/title/tt0407887,Movie,8.5,151,2006,"Crime, Drama, Thriller",1504873,"2006-10-06","Martin Scorsese"
tt0172495,10,2018-02-25,"Gladiator","Gladiator",https://www.imdb.com/title/tt0172495,Movie,8.5,155,2000,"Adventure, Drama, Action",1785334,"2000-05-05","Ridley Scott"
tt2179136,9,2018-02-25,"American Sniper","American Sniper",https://www.imdb.com/title/tt2179136,Movie,7.3,133,2014,"Action, Biography, War, Drama",555621,"2015-01-16","Clint Eastwood"
tt0468569,10,2018-02-25,"The Dark Knight","The Dark Knight",https://www.imdb.com/title/tt0468569,Movie,9.1,152,2008,"Drama, Crime, Thriller, Action",3059211,"2008-07-18","Christopher Nolan"
tt3748528,10,2018-02-25,"Rogue One: A Star Wars Story","Rogue One",https://www.imdb.com/title/tt3748528,Movie,7.8,133,2016,"Action, Adventure, Sci-Fi",734514,"2016-12-16","Gareth Edwards"
tt0451279,10,2018-02-25,"Wonder Woman","Wonder Woman",https://www.imdb.com/title/tt0451279,Movie,7.3,141,2017,"Action, Adventure, Fantasy, Sci-Fi, War",724718,"2017-06-02","Patty Jenkins"
